id_titulo_receber,id_cliente,data_emissao,data_vencimento,data_recebimento,valor_titulo,valor_recebido,status,forma_recebimento
CR000001,C0027,2026-02-26,2026-04-12,2026-04-12,10168.68,10168.68,Pago,PIX
CR000002,C0012,2026-04-23,2026-06-22,2026-06-26,9370.77,9370.77,Pago,Boleto
CR000003,C0028,2026-04-14,2026-06-13,1900-01-01,914.85,0.0,Em aberto,Transferência
CR000004,C0026,2026-06-06,2026-07-21,1900-01-01,8707.44,0.0,Em aberto,PIX
CR000005,C0034,2026-01-28,2026-02-25,2026-02-25,7016.44,7016.44,Pago,Cartão
CR000006,C0048,2026-01-11,2026-02-10,2026-02-10,5994.75,5994.75,Pago,NAO INFORMADO
CR000007,C0029,2026-04-12,2026-05-03,2026-05-07,11673.05,11673.05,Pago,Boleto
CR000008,C0028,2026-03-17,2026-04-16,1900-01-01,13809.78,0.0,Em aberto,Boleto
CR000009,C0030,2026-08-01,2026-09-15,1900-01-01,6939.96,0.0,Em aberto,PIX
CR000010,C0012,2026-07-19,2026-08-18,1900-01-01,14086.28,0.0,Em aberto,Boleto
CR000011,C0026,2026-04-16,2026-05-07,2026-05-11,6928.02,6928.02,Pago,Boleto
CR000012,C0030,2026-01-24,2026-02-14,2026-02-12,5063.9,5063.9,pago,PIX
CR000013,C0008,2026-06-30,2026-07-28,2026-08-02,9620.86,9620.86,Pago,Cartão
CR000014,C0047,2026-07-22,2026-08-21,2026-08-24,9297.47,9297.47,Pago,Cartão
CR000015,c0003,2026-07-16,2026-07-30,1900-01-01,13710.12,0.0,Vencido,Boleto
CR000016,C0011,2026-08-11,2026-08-25,2026-08-28,2929.34,2929.34,Pago,Transferência
CR000017,C0020,2026-07-06,2026-09-04,2026-09-03,14426.2,14426.2,Pago,PIX
CR000018,C0009,2026-02-21,2026-02-28,2026-02-25,9451.64,9451.64,Pago,Cartão
CR000019,C0032,2026-08-07,2026-09-04,2026-09-08,8289.47,8289.47,Pago,Boleto
CR000020,C0014,2026-05-31,2026-07-15,1900-01-01,7292.97,0.0,Em aberto,Cartão
CR000021,C9999,2026-06-03,2026-07-03,1900-01-01,396.62,0.0,Em aberto,Transferência
CR000022,C0040,2026-06-10,2026-07-10,2026-07-07,12355.78,12355.78,Pago,Boleto
CR000023,C0010,2026-01-15,2026-03-01,2026-02-26,5430.59,5430.59,Pago,Transferência
CR000024,C0022,2026-01-23,2026-01-30,2026-01-29,1900.65,1900.65,Pago,Transferência
CR000025,C0040,2026-06-19,2026-08-03,1900-01-01,10587.75,0.0,Vencido,Boleto
CR000026,C0030,2026-07-11,2026-08-10,2026-08-08,5594.77,5594.77,Pago,Transferência
CR000027,C0021,2026-04-05,2026-05-03,1900-01-01,12357.89,0.0,Em aberto,PIX
CR000028,C0019,2026-05-01,2026-05-15,2026-05-17,2093.74,2093.74,Pago,Cartão
CR000029,C0034,2026-02-23,2026-04-09,2026-04-07,3373.05,3373.05,Pago,PIX
CR000030,C0031,2026-07-05,2026-08-19,2026-08-22,9190.24,9190.24,Pago,Transferência
CR000031,C0017,2026-05-15,2026-06-14,2026-06-13,14926.86,14926.86,Pago,Cartão
CR000032,C0034,2026-07-06,2026-08-20,2026-08-20,7616.79,7616.79,Pago,Transferência
CR000033,C0013,2026-01-01,2026-01-08,2026-01-08,652.61,652.61,Pago,Cartão
CR000034,C0027,2026-01-12,2026-02-02,2026-01-30,5439.86,5439.86,Pago,Boleto
CR000035,C0045,2026-03-14,2026-04-04,2026-04-05,11915.87,11915.87,Pago,Transferência
CR000036,NAO INFORMADO,2026-01-02,2026-01-09,2026-01-12,10381.79,-100.0,NAO INFORMADO,PIX
CR000037,C0012,2026-02-19,2026-03-12,1900-01-01,12557.23,0.0,Em aberto,Cartão
CR000038,C0003,2026-06-15,2026-06-29,1900-01-01,7377.98,0.0,Em aberto,Transferência
CR000039,C0030,2026-07-20,2026-09-18,2026-09-23,6385.11,6385.11,NAO INFORMADO,Transferência
CR000040,C0037,2026-07-05,2026-08-19,1900-01-01,4937.89,0.0,Em aberto,PIX
CR000041,C0014,2026-05-28,2026-07-12,2026-07-10,5176.27,5176.27,Pago,Boleto
CR000042,C0018,2026-08-04,2026-08-11,1900-01-01,5285.54,0.0,Em aberto,Boleto
CR000043,C0037,2026-06-05,2026-07-03,2026-07-04,3054.47,3054.47,Pago,Transferência
CR000044,C0046,2026-01-09,2026-01-30,1900-01-01,6383.88,0.0,Em aberto,Boleto
CR000045,C0024,2026-04-26,2026-06-25,2026-06-30,14275.68,14275.68,Pago,Transferência
CR000046,C0012,2026-01-29,2026-02-19,2025-12-01,11838.68,11838.68,Pago,NAO INFORMADO
CR000047,C0033,2026-01-07,2026-03-08,1900-01-01,7395.15,0.0,Em aberto,Boleto
CR000048,C0013,2026-03-29,2026-04-26,1900-01-01,11066.88,0.0,Em aberto,Transferência
CR000049,C0050,2026-03-25,2026-04-08,2026-04-13,11611.38,11611.38,Pago,Boleto
CR000050,C0014,2026-07-05,2026-07-12,1900-01-01,7052.72,0.0,Em aberto,PIX
CR000051,C0001,2026-03-21,2026-03-28,1900-01-01,10399.67,0.0,Vencido,PIX
CR000052,C0022,2026-04-30,2026-05-07,2026-05-04,1815.61,1815.61,Pago,Transferência
CR000053,C0041,2026-08-17,2026-08-31,2026-09-01,5016.94,5016.94,Pago,Transferência
CR000054,C0035,2026-03-23,2026-05-22,2026-05-23,6784.4,6784.4,Pago,Boleto
CR000055,C0011,2026-03-12,2026-03-19,1900-01-01,524.27,0.0,Vencido,PIX
CR000056,C0014,2026-05-19,2026-06-09,2026-06-08,8375.68,8375.68,Pago,Transferência
CR000057,C0037,2026-03-04,2026-03-18,1900-01-01,1347.27,0.0,Vencido,Transferência
CR000058,C0035,2026-04-24,2026-05-01,1900-01-01,2212.09,0.0,Em aberto,PIX
CR000059,C0007,2026-04-09,2026-04-16,1900-01-01,1565.96,0.0,Em aberto,boleto
CR000060,C0046,2026-06-02,2026-07-02,1900-01-01,9553.22,0.0,Em aberto,Transferência
CR000061,C0020,2026-03-27,2026-05-26,1900-01-01,3212.76,0.0,pago,PIX
CR000062,C0049,2026-07-15,2026-08-12,2026-08-16,8646.5,8646.5,Pago,PIX
CR000063,C0030,2026-03-21,2026-05-05,1900-01-01,9772.95,0.0,Em aberto,Cartão
CR000064,C0015,2026-02-27,2026-03-13,1900-01-01,12958.12,0.0,Vencido,Transferência
CR000065,C0024,2026-04-11,2026-04-25,2026-04-27,10584.33,10584.33,Pago,Cartão
CR000066,C0032,2026-01-08,2026-01-15,2026-01-19,7287.42,7287.42,Pago,Cartão
CR000067,C0011,2026-03-14,2026-05-13,1900-01-01,5424.65,0.0,Vencido,Boleto
CR000068,C0033,2026-01-27,2026-02-24,2026-02-26,12318.03,12318.03,Pago,PIX
CR000069,C0020,2026-05-17,2026-06-14,1900-01-01,6192.0,0.0,Em aberto,Boleto
CR000070,C0040,2026-03-04,2026-04-03,1900-01-01,2637.6,0.0,em aberto,Cartão
CR000071,C0005,2026-03-29,2026-04-12,1900-01-01,12264.56,0.0,Vencido,Cartão
CR000072,C0028,2026-05-26,2026-07-25,2026-07-24,5330.35,5330.35,Pago,PIX
CR000073,C0048,2026-07-02,2026-08-01,2026-08-05,12600.2,12600.2,Pago,Transferência
CR000074,C0036,2026-01-25,2026-03-26,2026-03-29,6844.68,6844.68,Pago,PIX
CR000075,C0039,2026-01-28,2026-03-14,1900-01-01,12266.78,0.0,Em aberto,Transferência
CR000076,C0032,2026-06-15,2026-07-30,2026-07-29,1203.79,1203.79,Pago,PIX
CR000077,C0049,2026-02-07,2026-03-24,1900-01-01,2493.48,0.0,Em aberto,NAO INFORMADO
CR000078,C0025,2026-06-07,2026-07-07,2026-07-09,6873.25,6873.25,Pago,Transferência
CR000079,C0037,2026-07-23,2026-09-06,1900-01-01,4776.89,0.0,Em aberto,Transferência
CR000080,C0006,2026-05-30,2026-06-06,1900-01-01,9288.91,0.0,Em aberto,Cartão
CR000081,C0009,2026-08-07,2026-08-28,1900-01-01,1217.44,0.0,Em aberto,PIX
CR000082,C0001,2026-06-30,2026-07-30,2026-07-28,0.0,12365.07,Pago,Transferência
CR000083,C0002,2026-03-02,2026-03-30,1900-01-01,10622.66,0.0,Em aberto,Transferência
CR000084,C0046,2026-04-08,2026-05-06,1900-01-01,5909.01,0.0,Em aberto,Boleto
CR000085,C0043,2026-02-14,2026-03-14,1900-01-01,2344.31,0.0,Em aberto,Cartão
CR000086,C0024,2026-08-04,2026-09-01,2026-08-31,2567.73,2567.73,Pago,PIX
CR000087,C0005,2026-06-15,2026-06-22,1900-01-01,2416.74,0.0,Em aberto,Cartão
CR000088,C0009,2026-01-22,2026-02-05,1900-01-01,9740.97,0.0,Em aberto,Cartão
CR000089,C0045,2026-06-04,2026-07-02,1900-01-01,9461.75,0.0,Em aberto,Cartão
CR000090,C0036,2026-07-29,2026-08-26,2026-08-25,5955.31,5955.31,Pago,Cartão
CR000091,C0039,2026-01-02,2026-02-01,2026-02-06,7622.91,7622.91,Pago,transferência
CR000092,C0027,2026-05-20,2026-06-19,2026-06-23,5694.46,5694.46,Pago,Transferência
CR000093,C0008,2026-05-29,2026-06-26,2026-06-25,14437.54,14437.54,Pago,Transferência
CR000094,C0030,2026-05-13,2026-05-20,1900-01-01,7993.34,0.0,Vencido,PIX
CR000095,C0016,2026-05-01,2026-06-15,2026-06-20,11202.79,11202.79,Pago,Transferência
CR000096,C0040,2026-01-14,2026-02-04,2026-02-08,8164.99,8164.99,Pago,Cartão
CR000097,C0033,2026-08-20,2026-09-17,2026-09-20,8737.29,8737.29,Pago,Transferência
CR000098,C0019,2026-03-16,2026-03-30,1900-01-01,819.3,0.0,Vencido,Transferência
CR000099,c0047,2026-07-20,2026-08-19,1900-01-01,4128.51,0.0,Em aberto,Boleto
CR000100,C0037,2026-01-14,2026-02-28,1900-01-01,14858.36,0.0,Vencido,PIX
CR000101,C0019,2026-05-05,2026-05-12,2026-05-13,2164.27,2164.27,Pago,Transferência
CR000102,C0009,2026-06-07,2026-06-28,2026-06-25,4345.69,0.0,Pago,PIX
CR000103,c0039,2026-02-14,2026-03-16,1900-01-01,11162.82,0.0,Em aberto,Transferência
CR000104,C0012,2026-03-08,2026-05-07,1900-01-01,10601.39,0.0,Em aberto,Boleto
CR000105,C0034,2026-08-09,2026-08-16,2026-08-15,5339.87,5339.87,Pago,Boleto
CR000106,NAO INFORMADO,2026-07-12,2026-08-09,2026-08-13,11624.41,11624.41,Pago,Boleto
CR000107,C0014,2026-05-28,2026-07-12,2026-07-13,12674.95,12674.95,Pago,PIX
CR000108,C0004,2026-02-12,2026-03-12,2026-03-16,6161.55,6161.55,Pago,Boleto
CR000109,C0025,2026-06-24,2026-08-08,2026-08-07,6034.04,6034.04,Pago,Cartão
CR000110,C0001,2026-03-15,2026-05-14,2026-05-19,6897.66,6897.66,Pago,PIX
CR000111,C0007,2026-05-17,2026-07-01,1900-01-01,5501.27,0.0,Em aberto,Transferência
CR000112,C0022,2026-03-11,2026-04-01,2026-04-04,12094.05,12094.05,Pago,Cartão
CR000113,C0050,2026-06-22,2026-08-06,1900-01-01,3854.42,0.0,Vencido,Boleto
CR000114,C0034,2026-03-28,2026-05-12,2026-05-14,10447.09,10447.09,Pago,PIX
CR000115,C0044,2026-01-03,2026-03-04,1900-01-01,1298.89,0.0,Em aberto,PIX
CR000116,NAO INFORMADO,2026-01-27,2026-03-13,2026-03-14,6855.35,6855.35,Pago,Transferência
CR000117,C0013,2026-01-09,2026-01-16,2026-01-16,9405.14,9405.14,Pago,PIX
CR000118,C0046,2026-01-31,2026-02-07,2026-02-10,12889.68,12889.68,Pago,Boleto
CR000119,C0008,2026-06-28,2026-07-12,1900-01-01,4024.04,0.0,Em aberto,PIX
CR000120,C0041,2026-04-27,2026-05-18,2026-05-19,11609.58,11609.58,Pago,Boleto
CR000121,C0050,2026-01-19,2026-02-09,1900-01-01,11723.46,0.0,Em aberto,Cartão
CR000122,C0022,2026-01-16,2026-02-06,2026-02-05,14347.4,14347.4,NAO INFORMADO,Cartão
CR000123,C0005,2026-05-06,2026-05-20,2026-05-24,9271.44,9271.44,Pago,PIX
CR000124,C0010,2026-05-19,2026-07-18,1900-01-01,6639.43,0.0,Vencido,PIX
CR000125,C0029,2026-07-03,2026-07-24,2026-07-22,1818.32,1818.32,Pago,Transferência
CR000126,C0050,2026-04-25,2026-05-02,2026-04-29,13478.73,13478.73,Pago,PIX
CR000127,C0043,2026-04-10,2026-05-01,2026-05-04,2528.63,2528.63,Pago,PIX
CR000128,C0033,2026-07-01,2026-08-30,1900-01-01,7512.99,0.0,Em aberto,Cartão
CR000129,C0047,2026-07-19,2026-09-17,1900-01-01,11845.11,0.0,Em aberto,Boleto
CR000130,C0001,2026-09-04,2026-05-24,1900-01-01,12324.26,0.0,Em aberto,PIX
CR000131,C0037,2026-05-18,2026-06-08,2026-06-11,5201.56,5201.56,Pago,PIX
CR000132,C0041,2026-06-15,2026-06-22,2026-06-20,5670.72,5670.72,Pago,cartão
CR000133,C0049,2026-07-16,2026-08-06,2026-08-11,9822.55,9822.55,Pago,PIX
CR000134,C0025,2026-06-19,2026-07-03,1900-01-01,4693.39,0.0,Em aberto,PIX
CR000135,C0041,2026-06-26,2026-07-17,1900-01-01,7451.6,0.0,Em aberto,Boleto
CR000136,C0009,2026-01-10,2026-01-24,1900-01-01,672.86,0.0,Vencido,Boleto
CR000137,C0032,2026-04-10,2026-04-17,2026-04-21,11953.27,11953.27,Pago,cartão
CR000138,C0002,2026-01-10,2026-01-31,2026-02-03,1124.0,1124.0,pago,PIX
CR000139,C0014,2026-07-26,2026-09-09,1900-01-01,10109.55,0.0,Em aberto,Boleto
CR000140,C0048,2026-05-29,2026-06-12,2026-06-11,13894.79,13894.79,Pago,Cartão
CR000141,C0042,2026-01-05,2026-02-02,1900-01-01,13635.53,0.0,Vencido,PIX
CR000142,C0016,2026-06-29,2026-08-13,2026-08-10,2218.9,0.0,Pago,Transferência
CR000143,C0007,2026-04-27,2026-05-27,1900-01-01,2809.13,0.0,Vencido,PIX
CR000144,C0007,2026-01-30,2026-02-27,1900-01-01,9046.17,0.0,Vencido,Boleto
CR000145,C0005,2026-07-25,2026-08-08,1900-01-01,6565.31,0.0,Em aberto,Transferência
CR000146,C0008,2026-06-25,2026-07-25,2026-07-25,8324.51,8324.51,Pago,PIX
CR000147,C0038,2026-02-14,2026-03-07,2026-03-06,1229.36,1229.36,Pago,Cartão
CR000148,C0011,2026-06-28,2026-07-19,1900-01-01,8435.09,0.0,Em aberto,Boleto
CR000149,C0038,2026-01-11,2026-01-25,1900-01-01,1769.53,0.0,Vencido,Cartão
CR000150,C0050,2026-02-10,2026-02-17,2026-02-14,13230.52,13230.52,Pago,PIX
CR000151,C0012,2026-01-23,2026-03-09,2026-03-12,9880.81,9880.81,Pago,Cartão
CR000152,C0045,2026-02-02,2026-02-16,2026-02-21,2403.39,2403.39,Pago,Cartão
CR000153,C0027,2026-03-03,2026-03-17,2026-03-16,9274.91,9274.91,Pago,Cartão
CR000154,C0040,2026-01-23,2026-03-09,2026-03-11,12449.31,12449.31,Pago,Cartão
CR000155,C0001,2026-05-23,2026-06-06,1900-01-01,3120.97,0.0,Em aberto,PIX
CR000156,C0040,2026-04-03,2026-06-02,1900-01-01,11488.59,0.0,Em aberto,boleto
CR000157,C0030,2026-07-17,2026-08-31,2026-08-28,9992.11,9992.11,Pago,Boleto
CR000158,NAO INFORMADO,2026-07-23,2026-08-06,1900-01-01,10373.08,0.0,Em aberto,Cartão
CR000159,C0012,2026-02-10,2026-03-27,2026-03-29,13863.29,13863.29,Pago,Transferência
CR000160,C0014,2026-04-22,2026-05-13,1900-01-01,5214.13,0.0,Em aberto,PIX
CR000161,C0007,2026-07-09,2026-07-16,2026-07-15,13895.46,13895.46,Pago,PIX
CR000162,C0032,2026-05-12,2026-05-19,2026-05-23,1341.63,0.0,Pago,Transferência
CR000163,C0027,2026-02-20,2026-04-06,2026-04-06,10249.73,10249.73,Pago,PIX
CR000164,C0021,2026-02-28,2026-07-03,1900-01-01,3785.64,0.0,Em aberto,Boleto
CR000165,C0025,2026-08-17,2026-08-31,1900-01-01,1380.89,0.0,Vencido,Cartão
CR000166,C0004,2026-08-16,2026-09-13,1900-01-01,2430.64,0.0,Vencido,Cartão
CR000167,C0012,2026-04-10,2026-05-01,2026-05-03,2305.15,2305.15,Pago,Transferência
CR000168,C0013,2026-03-27,2026-04-10,1900-01-01,771.79,0.0,Vencido,PIX
CR000169,C0018,2026-02-04,2026-02-11,1900-01-01,12819.28,0.0,Em aberto,Cartão
CR000170,C0011,2026-07-14,2026-08-04,2026-08-03,3531.85,3531.85,Pago,Boleto
CR000171,C0037,2026-05-22,2026-07-21,1900-01-01,3676.62,0.0,Em aberto,Cartão
CR000172,C0014,2026-06-01,2026-06-29,2026-06-26,12603.74,12603.74,Pago,Cartão
CR000173,C0048,2026-08-12,2026-08-26,1900-01-01,3943.12,0.0,Em aberto,Boleto
CR000174,C0038,2026-02-08,2026-03-10,1900-01-01,13504.3,0.0,Em aberto,PIX
CR000175,C0003,2026-05-01,2026-06-15,2026-06-18,11598.51,11598.51,Pago,Cartão
CR000176,C0031,2026-07-27,2026-09-25,2026-09-29,10540.81,10540.81,Pago,Cartão
CR000177,C0016,2026-01-22,2026-02-21,1900-01-01,11370.26,0.0,Em aberto,Boleto
CR000178,C0009,2026-04-02,2026-04-23,2026-04-20,3814.22,3814.22,Pago,Cartão
CR000179,C0043,2026-03-20,2026-04-03,1900-01-01,10638.58,0.0,Vencido,PIX
CR000180,C0030,2026-04-29,2026-06-28,1900-01-01,2337.77,0.0,Em aberto,Boleto
CR000181,C0024,2026-06-10,2026-07-08,2026-07-06,10647.36,10647.36,Pago,Cartão
CR000182,C0045,2026-03-27,2026-04-26,1900-01-01,0.0,0.0,Em aberto,Transferência
CR000183,C0045,2026-06-06,2026-07-06,2026-07-04,8755.87,8755.87,Pago,Transferência
CR000184,C0048,2026-01-15,2026-02-14,2026-02-11,14196.24,14196.24,Pago,PIX
CR000185,C0025,2026-04-04,2026-05-02,2026-05-04,9401.26,9401.26,Pago,Boleto
CR000186,C0042,2026-05-24,2026-07-08,2026-07-07,1284.99,1284.99,Pago,Transferência
CR000187,C0016,2026-05-19,2026-05-26,1900-01-01,9840.86,0.0,Vencido,Boleto
CR000188,C0049,2026-07-10,2026-09-08,2026-09-09,3613.93,3613.93,Pago,Cartão
CR000189,C0018,2026-01-14,2026-01-21,1900-01-01,5780.36,0.0,Em aberto,Cartão
CR000190,C0033,2026-05-15,2026-07-14,1900-01-01,2103.83,0.0,Em aberto,Transferência
CR000191,C0029,2026-06-08,2026-06-29,2026-06-29,12058.59,12058.59,Pago,Cartão
CR000192,C0006,2026-01-21,2026-02-18,2026-02-16,13499.8,13499.8,Pago,PIX
CR000193,C0011,2026-03-12,2026-03-19,1900-01-01,10547.11,0.0,Em aberto,Boleto
CR000194,C0014,2026-05-14,2026-06-28,1900-01-01,633.55,0.0,Em aberto,Boleto
CR000195,C0031,2026-03-30,2026-04-27,2026-04-28,6824.74,6824.74,Pago,Boleto
CR000196,C0005,2026-01-06,2026-03-07,1900-01-01,12089.24,0.0,Em aberto,Transferência
CR000197,C0027,2026-05-29,2026-06-19,2026-06-23,9939.68,9939.68,Pago,Cartão
CR000198,C0030,2026-03-19,2026-04-18,2026-04-17,2239.73,2239.73,Pago,Transferência
CR000199,C0015,2026-05-04,2026-05-25,2026-05-24,14569.64,14569.64,Pago,Transferência
CR000200,C0019,2026-04-27,2026-05-11,2026-05-16,9393.86,9393.86,Pago,Transferência
CR000201,C0012,2026-02-14,2026-04-15,2026-04-14,10709.23,10709.23,Pago,Boleto
CR000202,C0008,2026-01-11,2026-02-01,1900-01-01,8745.52,0.0,Em aberto,Transferência
CR000203,C0024,2026-02-17,2026-03-03,2026-03-05,8568.56,8568.56,Pago,Transferência
CR000204,C0010,2026-04-06,2026-05-04,2026-05-09,8236.04,8236.04,Pago,Transferência
CR000205,C0008,2026-01-07,2026-02-04,2026-02-08,13986.71,13986.71,Pago,Transferência
CR000206,C0010,2026-01-02,2026-02-16,1900-01-01,8328.34,0.0,Em aberto,Transferência
CR000207,c0042,2026-06-30,2026-07-21,2026-07-20,7266.49,7266.49,Pago,Cartão
CR000208,C0022,2026-06-26,2026-07-03,2026-07-02,11055.12,11055.12,Pago,PIX
CR000209,C0020,2026-01-07,2026-02-04,2026-02-08,9377.57,9377.57,Pago,Transferência
CR000210,C0006,2026-03-25,2026-04-01,2026-04-06,9239.82,9239.82,Pago,Boleto
CR000211,C0050,2026-03-13,2026-03-27,1900-01-01,631.47,0.0,Em aberto,Cartão
CR000212,C0044,2026-06-21,2026-06-28,1900-01-01,14644.84,0.0,Em aberto,Boleto
CR000213,C0032,2026-03-23,2026-04-22,2026-04-24,9194.64,9194.64,Pago,Cartão
CR000214,C0010,2026-07-03,2026-09-01,1900-01-01,6586.32,0.0,Em aberto,Transferência
CR000215,C0001,2026-03-14,2026-04-04,1900-01-01,5464.92,0.0,Em aberto,PIX
CR000216,C0014,2026-07-06,2026-08-03,1900-01-01,11200.46,0.0,Em aberto,Cartão
CR000217,C0019,2026-02-11,2026-04-12,1900-01-01,11001.61,0.0,Em aberto,Cartão
CR000218,C0009,2026-08-02,2026-09-01,2026-01-09,9089.65,9089.65,Pago,Transferência
CR000219,C0031,2026-08-11,2026-09-10,2026-09-13,14803.58,14803.58,Pago,PIX
CR000220,C0001,2026-04-15,2026-05-30,1900-01-01,13741.83,0.0,Em aberto,Boleto
CR000221,C0036,2026-04-29,2026-06-13,2026-06-13,8648.37,8648.37,Pago,Boleto
CR000222,C0025,2026-03-16,2026-04-15,2026-04-16,7511.61,7511.61,Pago,Cartão
CR000223,C0036,2026-07-09,2026-08-06,2026-08-05,3600.45,0.0,Pago,Transferência
CR000224,C0020,2026-06-13,2026-08-12,2026-08-13,9657.44,9657.44,Pago,Cartão
CR000225,C0012,2026-05-06,2026-06-20,2026-06-18,9778.35,9778.35,NAO INFORMADO,Transferência
CR000226,C0032,2026-01-18,2026-02-17,1900-01-01,11259.81,0.0,NAO INFORMADO,Cartão
CR000227,C0037,2026-04-22,2026-06-21,1900-01-01,4091.3,0.0,Em aberto,PIX
CR000228,C0024,2026-05-12,2026-06-26,2026-06-25,8756.38,8756.38,Pago,PIX
CR000229,C0010,2026-03-23,2026-04-20,2026-04-22,13211.26,13211.26,Pago,Boleto
CR000230,C0004,2026-03-11,2026-04-01,2026-03-29,6466.86,6466.86,Pago,Transferência
CR000231,C0019,2026-05-16,2026-06-30,1900-01-01,14063.86,0.0,Em aberto,Boleto
CR000232,C0050,2026-06-10,2026-06-24,1900-01-01,11540.93,0.0,Vencido,Boleto
CR000233,C0035,2026-03-24,2026-05-23,2026-05-24,4948.29,4948.29,Pago,NAO INFORMADO
CR000234,C0007,2026-05-17,2026-06-16,2026-06-13,5468.95,5468.95,Pago,Boleto
CR000235,C0034,2026-03-14,2026-04-04,1900-01-01,11748.48,0.0,Em aberto,Transferência
CR000236,C0011,2026-01-27,2026-02-10,2026-02-10,2571.96,2571.96,Pago,PIX
CR000237,C0027,2026-04-28,2026-05-05,2026-05-02,2013.52,2013.52,Pago,Cartão
CR000238,C0023,2026-03-21,2026-05-05,1900-01-01,5629.76,0.0,Em aberto,Transferência
CR000239,C0012,2026-07-01,2026-07-22,2026-07-22,722.77,722.77,Pago,Boleto
CR000240,C0045,2026-02-06,2026-03-23,2026-03-23,3630.64,3630.64,Pago,Boleto
CR000241,C0006,2026-04-19,2026-06-03,2026-06-01,11516.45,11516.45,Pago,PIX
CR000242,C0050,2026-05-04,2026-07-03,2026-07-01,6639.34,6639.34,Pago,PIX
CR000243,C0043,2026-05-12,2026-06-11,2026-06-12,0.0,0.0,Pago,PIX
CR000244,C0005,2026-03-19,2026-05-03,2026-05-01,451.0,451.0,Pago,Boleto
CR000245,C0038,2026-08-19,2026-09-02,2026-08-30,3016.29,3016.29,Pago,PIX
CR000246,C0010,2026-08-05,2026-09-19,1900-01-01,14145.12,0.0,Vencido,Transferência
CR000247,C0023,2026-02-11,2026-04-12,1900-01-01,7659.33,0.0,Vencido,Boleto
CR000248,C0033,2026-05-26,2026-06-02,1900-01-01,1756.85,0.0,Vencido,PIX
CR000249,C0034,2026-02-25,2026-04-11,2026-04-10,3115.75,3115.75,Pago,PIX
CR000250,C0047,2026-01-26,2026-02-09,1900-01-01,13831.01,0.0,Em aberto,Transferência
CR000251,C0045,2026-05-31,2026-06-14,2026-06-13,6763.09,6763.09,pago,Transferência
CR000252,C0025,2026-04-19,2026-05-03,1900-01-01,7859.49,0.0,Em aberto,NAO INFORMADO
CR000253,C0049,2026-03-22,2026-03-29,1900-01-01,7148.75,0.0,Em aberto,Boleto
CR000254,C0032,2026-07-15,2026-08-05,1900-01-01,10659.54,0.0,Em aberto,PIX
CR000255,C0006,2026-03-25,2026-04-22,2026-04-26,2001.12,2001.12,Pago,Transferência
CR000256,C0044,2026-08-04,2026-09-01,1900-01-01,3620.34,0.0,Em aberto,Transferência
CR000257,C0028,2026-02-18,2026-04-19,1900-01-01,1323.25,0.0,Em aberto,Transferência
CR000258,C0012,2026-01-04,2026-02-18,2026-02-21,7527.23,7527.23,Pago,Cartão
CR000259,C0034,2026-06-18,2026-08-02,2026-08-05,1549.59,1549.59,Pago,Cartão
CR000260,C0045,2026-06-01,2026-06-08,2026-06-06,11199.05,11199.05,Pago,Transferência
CR000261,C0013,2026-03-28,2026-04-11,1900-01-01,9045.92,0.0,Em aberto,PIX
CR000262,C0015,2026-08-03,2026-08-31,2026-09-01,10960.45,10960.45,Pago,Cartão
CR000263,C0023,2026-05-02,2026-06-16,1900-01-01,9166.53,0.0,Em aberto,Cartão
CR000264,C0033,2026-03-13,2026-03-27,2026-03-25,11589.59,11589.59,Pago,Transferência
CR000265,C0032,2026-05-08,2026-05-22,2026-05-19,9537.05,9537.05,Pago,PIX
CR000266,C0048,2026-01-14,2026-03-15,2026-03-14,1302.96,1302.96,Pago,Cartão
CR000267,C0039,2026-06-23,2026-07-14,1900-01-01,2545.23,0.0,Vencido,PIX
CR000268,NAO INFORMADO,2026-01-20,2026-03-06,1900-01-01,11348.66,0.0,Em aberto,Cartão
CR000269,C0013,2026-03-17,2026-05-01,1900-01-01,7619.12,0.0,Em aberto,Transferência
CR000270,C0035,2026-03-29,2026-05-28,1900-01-01,12937.18,0.0,Em aberto,PIX
CR000271,C0049,2026-01-09,2026-02-06,2026-02-09,13237.85,13237.85,Pago,Cartão
CR000272,C0021,2026-08-07,2026-09-04,2026-09-01,6805.58,6805.58,Pago,Boleto
CR000273,C0036,2026-06-18,2026-08-17,2026-08-21,11756.92,11756.92,Pago,Cartão
CR000274,C0009,2026-03-21,2026-05-05,2026-05-09,6019.48,6019.48,Pago,Cartão
CR000275,C0031,2026-05-24,2026-07-23,2026-07-26,2597.77,2597.77,Pago,Transferência
CR000276,C0032,2026-06-01,2026-06-29,2026-06-30,9369.01,9369.01,Pago,Transferência
CR000277,C0004,2026-01-08,2026-02-07,2026-02-09,963.24,963.24,Pago,PIX
CR000278,C0049,2026-08-17,2026-10-01,2026-10-04,5316.47,5316.47,Pago,Transferência
CR000279,C0023,2026-04-16,2026-05-07,2026-05-07,1129.8,1129.8,Pago,Boleto
CR000280,C0042,2026-03-21,2026-04-20,2026-04-21,1548.64,1548.64,Pago,PIX
CR000281,C0022,2026-02-13,2026-02-20,2026-02-24,8214.73,8214.73,Pago,Cartão
CR000282,C0037,2026-05-12,2026-06-09,1900-01-01,4219.3,0.0,Em aberto,PIX
CR000283,C0021,2026-04-07,2026-05-07,1900-01-01,6037.42,0.0,Vencido,PIX
CR000284,C0032,2026-01-26,2026-03-12,2026-03-16,10224.14,10224.14,Pago,Transferência
CR000285,C0011,2026-06-07,2026-06-28,1900-01-01,5641.01,0.0,Em aberto,Boleto
CR000286,C0032,2026-06-12,2026-08-11,2026-08-16,14619.38,14619.38,Pago,Boleto
CR000287,C0019,2026-03-09,2026-03-16,1900-01-01,4670.61,0.0,Vencido,Cartão
CR000288,C0015,2026-06-09,2026-07-24,1900-01-01,14381.73,0.0,Vencido,PIX
CR000289,NAO INFORMADO,2026-03-28,2026-04-18,1900-01-01,1288.87,0.0,Em aberto,Cartão
CR000290,C0028,2026-02-23,2026-03-16,2026-03-21,11996.08,11996.08,Pago,Transferência
CR000291,C0028,2026-06-19,2026-07-19,1900-01-01,4906.29,0.0,Em aberto,Cartão
CR000292,C0017,2026-06-09,2026-07-09,1900-01-01,6962.46,0.0,Em aberto,NAO INFORMADO
CR000293,C0002,2026-06-10,2026-07-25,2026-07-29,7888.49,7888.49,pago,Boleto
CR000294,C0043,2026-07-30,2026-09-13,2026-09-18,14090.11,14090.11,Pago,Cartão
CR000295,C0037,2026-07-06,2026-08-20,2026-08-22,0.0,1180.26,Pago,Cartão
CR000296,C0010,2026-03-03,2026-03-17,2026-03-20,11272.57,11272.57,Pago,Cartão
CR000297,C0021,2026-08-09,2026-10-08,2026-10-11,13693.73,13693.73,Pago,Transferência
CR000298,C0019,2026-06-15,2026-06-29,1900-01-01,4069.77,0.0,Vencido,Boleto
CR000299,C0026,2026-03-03,2026-03-10,2026-03-10,2504.45,2504.45,Pago,Transferência
CR000300,C0030,2026-05-05,2026-06-04,1900-01-01,14872.01,0.0,Em aberto,PIX
CR000301,C0013,2026-02-10,2026-03-03,2026-03-04,2305.53,2305.53,Pago,NAO INFORMADO
CR000302,C0042,2026-08-07,2026-08-14,1900-01-01,14467.67,0.0,Em aberto,PIX
CR000303,C0004,2026-08-09,2026-08-16,2026-08-14,4914.4,4914.4,Pago,Cartão
CR000304,C0024,2026-06-21,2026-08-05,1900-01-01,13320.07,0.0,Em aberto,Boleto
CR000305,C0016,2026-01-29,2026-02-28,2026-03-05,11096.86,11096.86,Pago,Transferência
CR000306,C0032,2026-08-15,2026-08-22,2026-08-24,3799.73,3799.73,NAO INFORMADO,Transferência
CR000307,C0038,2026-07-08,2026-08-05,2026-08-08,12145.87,12145.87,Pago,Boleto
CR000308,C0010,2026-01-28,2026-02-11,2026-02-15,3447.4,3447.4,Pago,Cartão
CR000309,C0017,2026-08-09,2026-09-08,1900-01-01,1122.1,0.0,Em aberto,Transferência
CR000310,C0045,2026-01-29,2026-02-19,1900-01-01,8322.45,0.0,Em aberto,Boleto
CR000311,C0018,2026-08-14,2026-10-13,2026-10-17,14073.49,14073.49,Pago,Transferência
CR000312,C0020,2026-01-06,2026-02-20,1900-01-01,14512.04,0.0,Vencido,PIX
CR000313,C0048,2026-06-19,2026-08-18,2026-08-19,14130.47,14130.47,Pago,Cartão
CR000314,C0020,2026-06-13,2026-07-28,2026-08-02,5633.97,5633.97,Pago,Boleto
CR000315,C0029,2026-04-10,2026-04-17,1900-01-01,13673.9,0.0,Em aberto,Transferência
CR000316,C0020,2026-01-24,2026-03-25,2026-03-25,11423.02,11423.02,Pago,Boleto
CR000317,C0029,2026-06-11,2026-07-02,1900-01-01,13228.17,0.0,Em aberto,PIX
CR000318,C0018,2026-08-10,2026-08-17,1900-01-01,12401.01,0.0,Em aberto,Cartão
CR000319,C0048,2026-04-16,2026-06-15,1900-01-01,5191.02,0.0,Em aberto,PIX
CR000320,C0011,2026-06-28,2026-07-19,2026-07-22,7743.12,7743.12,Pago,Transferência
CR000321,C0030,2026-06-27,2026-07-04,2026-07-08,11501.04,11501.04,Pago,Boleto
CR000322,C0001,2026-04-13,2026-04-27,2026-04-25,9535.96,9535.96,Pago,PIX
CR000323,NAO INFORMADO,2026-03-05,2026-04-04,2026-04-07,10789.39,10789.39,Pago,Transferência
CR000324,C0029,2026-05-03,2026-07-02,2026-07-01,11107.03,11107.03,Pago,Transferência
CR000325,C0019,2026-02-20,2026-02-27,2026-03-02,0.0,6393.1,Pago,Cartão
CR000326,C0037,2026-02-27,2026-03-06,1900-01-01,14237.21,0.0,Em aberto,Boleto
CR000327,C0006,2026-04-29,2026-05-13,2026-05-10,4148.21,4148.21,Pago,Cartão
CR000328,C0040,2026-04-20,2026-05-20,2026-05-22,4124.32,4124.32,Pago,Boleto
CR000329,C0037,2026-01-31,2026-02-07,1900-01-01,10863.18,0.0,Em aberto,Cartão
CR000330,C0044,2026-05-07,2026-05-14,2026-05-14,3599.91,3599.91,Pago,Transferência
CR000331,C0019,2026-07-11,2026-08-08,1900-01-01,5916.48,0.0,Em aberto,Boleto
CR000332,C0039,2026-02-25,2026-04-26,2026-04-29,4459.62,4459.62,Pago,Boleto
CR000333,C0027,2026-07-22,2026-08-05,2026-08-05,722.96,722.96,Pago,Cartão
CR000334,C0016,2026-04-05,2026-05-05,1900-01-01,10358.73,0.0,Em aberto,PIX
CR000335,C0001,2026-05-01,2026-05-15,1900-01-01,13110.22,0.0,Em aberto,Boleto
CR000336,C0046,2026-04-09,2026-05-24,1900-01-01,6522.38,0.0,Vencido,Transferência
CR000337,C0005,2026-01-25,2026-02-24,2026-02-24,1163.66,1163.66,Pago,Cartão
CR000338,C0023,2026-06-05,2026-07-20,1900-01-01,14517.98,0.0,Vencido,PIX
CR000339,C0001,2026-03-06,2026-04-05,2026-08-04,9408.97,9408.97,Pago,Transferência
CR000340,C0009,2026-08-17,2026-09-16,2026-09-17,904.54,904.54,Pago,Boleto
CR000341,C0033,2026-05-07,2026-05-28,2026-05-26,13205.08,13205.08,Pago,Transferência
CR000342,C0046,2026-05-16,2026-06-13,2026-06-15,2384.4,2384.4,Pago,PIX
CR000343,C0009,2026-05-08,2026-07-07,2026-07-09,14608.56,14608.56,Pago,Cartão
CR000344,C0019,2026-08-20,2026-09-10,2026-09-15,0.0,9310.09,Pago,Transferência
CR000345,C0028,2026-08-17,2026-08-31,1900-01-01,4938.48,0.0,Em aberto,Boleto
CR000346,C0036,2026-08-07,2026-09-21,1900-01-01,9658.79,0.0,Em aberto,PIX
CR000347,C0013,2026-02-08,2026-02-15,2026-02-19,3678.95,3678.95,Pago,Transferência
CR000348,C0011,2026-06-30,2026-07-28,1900-01-01,6715.52,0.0,Em aberto,PIX
CR000349,C0029,2026-04-02,2026-05-17,1900-01-01,8544.56,0.0,Em aberto,Cartão
CR000350,C0008,2026-08-05,2026-09-19,2026-09-21,13043.13,13043.13,Pago,PIX
CR000351,C0014,2026-08-11,2026-09-01,2026-09-06,2955.63,2955.63,Pago,Transferência
CR000352,C0037,2026-08-17,2026-10-01,1900-01-01,8909.46,0.0,Vencido,PIX
CR000353,C0034,2026-07-16,2026-08-15,2026-08-15,2954.36,2954.36,Pago,Cartão
CR000354,C0044,2026-01-25,2026-02-15,2026-02-18,681.64,681.64,Pago,Transferência
CR000355,C0038,2026-01-28,2026-03-29,2026-03-27,5056.01,0.0,Pago,Cartão
CR000356,C0046,2026-06-18,2026-07-16,2026-07-13,6974.62,6974.62,Pago,Transferência
CR000357,NAO INFORMADO,2026-06-17,2026-07-17,2026-07-16,14278.17,14278.17,Pago,Boleto
CR000358,C0004,2026-07-25,2026-09-08,2026-09-06,4459.42,4459.42,Pago,Cartão
CR000359,C0006,2026-04-13,2026-05-04,1900-01-01,2916.76,0.0,Em aberto,PIX
CR000360,C0002,2026-08-07,2026-08-21,1900-01-01,2695.23,0.0,Em aberto,Transferência
CR000361,C0042,2026-07-12,2026-08-26,2026-08-30,2565.78,2565.78,Pago,Cartão
CR000362,C0048,2026-07-26,2026-08-16,1900-01-01,13584.89,0.0,Vencido,Boleto
CR000363,C0023,2026-06-20,2026-06-27,1900-01-01,12531.18,0.0,Em aberto,Boleto
CR000364,C0032,2026-04-25,2026-05-23,1900-01-01,7303.66,0.0,Vencido,Cartão
CR000365,C0006,2026-07-13,2026-08-10,1900-01-01,12221.62,0.0,Vencido,Boleto
CR000366,C0028,2026-06-11,2026-07-09,1900-01-01,1666.33,0.0,Em aberto,Transferência
CR000367,C0030,2026-06-23,2026-07-07,2026-07-11,9819.88,9819.88,Pago,pix
CR000368,C0019,2026-04-30,2026-05-28,1900-01-01,1463.99,0.0,Em aberto,Transferência
CR000369,C0010,2026-02-02,2026-03-19,2026-03-24,13572.68,13572.68,Pago,Cartão
CR000370,C0019,2026-05-26,2026-06-02,2026-06-07,8399.62,8399.62,Pago,PIX
CR000371,C0033,2026-04-19,2026-05-17,1900-01-01,1688.92,0.0,Vencido,Transferência
CR000372,C0023,2026-03-07,2026-04-06,1900-01-01,1502.01,0.0,Em aberto,PIX
CR000373,C0008,2026-07-09,2026-08-23,2026-08-26,7104.32,7104.32,Pago,PIX
CR000374,C0006,2026-04-17,2026-06-01,1900-01-01,4675.42,0.0,Vencido,Cartão
CR000375,C0049,2026-06-21,2026-07-19,2026-07-21,0.0,9470.01,Pago,Boleto
CR000376,C0014,2026-02-17,2026-02-24,1900-01-01,11281.33,0.0,Vencido,Transferência
CR000377,C0044,2026-01-28,2026-02-25,2026-02-28,8155.33,0.0,Pago,PIX
CR000378,C0001,2026-02-13,2026-03-30,1900-01-01,7313.66,0.0,Em aberto,Cartão
CR000379,C0020,2026-06-08,2026-08-07,2026-08-10,14616.65,14616.65,Pago,Transferência
CR000380,C0006,2026-02-02,2026-02-16,2026-02-13,503.98,503.98,Pago,Boleto
CR000381,C0002,2026-02-23,2026-03-23,2026-03-26,9834.76,9834.76,Pago,Boleto
CR000382,C0006,2026-03-19,2026-05-18,1900-01-01,7112.36,0.0,Em aberto,Cartão
CR000383,C0002,2026-01-30,2026-02-13,1900-01-01,13565.51,0.0,Em aberto,Cartão
CR000384,C0031,2026-01-06,2026-03-07,2026-03-07,6907.89,6907.89,Pago,Transferência
CR000385,C0037,2026-08-01,2026-09-30,2026-09-27,6058.48,6058.48,Pago,PIX
CR000386,C0041,2026-08-05,2026-09-19,1900-01-01,6647.28,0.0,Em aberto,Cartão
CR000387,C0048,2026-05-29,2026-06-28,2026-06-25,11046.85,11046.85,Pago,Cartão
CR000388,C0026,2026-05-05,2026-06-04,1900-01-01,8988.28,0.0,Vencido,Cartão
CR000389,C0015,2026-07-02,2026-07-09,1900-01-01,8066.14,0.0,Em aberto,Transferência
CR000390,C0036,2026-01-17,2026-02-07,1900-01-01,13425.29,0.0,Em aberto,Cartão
CR000391,C0008,2026-05-07,2026-06-06,2026-06-10,0.0,14102.78,Pago,Cartão
CR000392,C0002,2026-02-11,2026-03-04,1900-01-01,10975.27,0.0,Em aberto,Transferência
CR000393,C0029,2026-03-01,2026-03-31,2026-04-04,3529.62,3529.62,Pago,Boleto
CR000394,C0019,2026-07-05,2026-08-19,1900-01-01,6038.46,0.0,Em aberto,Transferência
CR000395,C0031,2026-07-24,2026-09-22,2026-09-23,2681.78,2681.78,Pago,PIX
CR000396,C0043,2026-05-04,2026-05-18,2026-05-22,2847.38,2847.38,pago,PIX
CR000397,C0027,2026-05-07,2026-05-28,1900-01-01,3750.37,0.0,Em aberto,PIX
CR000398,C0002,2026-04-02,2026-04-23,2026-04-22,5548.54,5548.54,Pago,PIX
CR000399,C0005,2026-03-28,2026-04-25,2026-04-23,1975.35,1975.35,Pago,Boleto
CR000400,C0032,2026-03-08,2026-03-29,2026-04-03,11837.82,11837.82,Pago,Transferência
CR000401,C0010,2026-08-07,2026-09-21,1900-01-01,13143.33,0.0,Vencido,PIX
CR000402,C0046,2026-01-13,2026-02-10,2026-02-08,12045.11,12045.11,Pago,PIX
CR000403,C0036,2026-01-11,2026-02-10,2026-02-10,1849.54,1849.54,Pago,Transferência
CR000404,C0011,2026-07-06,2026-07-27,1900-01-01,10710.0,0.0,Em aberto,NAO INFORMADO
CR000405,C0047,2026-08-11,2026-08-18,2026-08-20,2568.15,2568.15,Pago,Boleto
CR000406,C0008,2026-08-06,2026-08-20,1900-01-01,6754.89,0.0,Em aberto,PIX
CR000407,C0016,2026-08-02,2026-10-01,2026-10-06,7262.85,7262.85,Pago,Boleto
CR000408,C0006,2026-03-10,2026-03-31,1900-01-01,10813.44,0.0,Em aberto,Transferência
CR000409,C0041,2026-06-20,2026-07-04,1900-01-01,2528.68,0.0,Em aberto,Cartão
CR000410,C0015,2026-02-05,2026-04-06,1900-01-01,6603.7,0.0,Em aberto,Cartão
CR000411,C0034,2026-07-23,2026-09-06,2026-09-10,5618.08,5618.08,Pago,Boleto
CR000412,C0050,2026-01-03,2026-02-17,2026-02-15,12151.83,12151.83,Pago,Transferência
CR000413,C0021,2026-04-13,2026-06-12,2026-06-15,2715.57,2715.57,Pago,PIX
CR000414,C0043,2026-06-14,2026-06-28,2026-07-03,13566.91,13566.91,Pago,NAO INFORMADO
CR000415,C0027,2026-04-13,2026-05-28,2026-05-30,10601.62,10601.62,Pago,Transferência
CR000416,C0001,2026-07-31,2026-08-21,1900-01-01,13533.07,0.0,Vencido,Boleto
CR000417,C0045,2026-04-14,2026-05-12,1900-01-01,9765.03,0.0,Em aberto,Cartão
CR000418,C0045,2026-03-30,2026-05-29,1900-01-01,0.0,0.0,Em aberto,Boleto
CR000419,C0020,2026-01-22,2026-01-29,1900-01-01,8200.27,0.0,Em aberto,Boleto
CR000420,C0034,2026-05-19,2026-06-09,1900-01-01,3441.9,0.0,Em aberto,Transferência
CR000421,C0034,2026-03-29,2026-05-28,2026-05-25,9644.58,9644.58,NAO INFORMADO,Transferência
CR000422,C0016,2026-08-02,2026-10-01,1900-01-01,4767.95,0.0,Em aberto,PIX
CR000423,C0047,2026-01-16,2026-03-17,1900-01-01,5782.79,0.0,Em aberto,Transferência
CR000424,C0008,2026-01-13,2026-03-14,2026-03-18,9869.15,9869.15,Pago,Transferência
CR000425,C0037,2026-07-08,2026-07-15,2026-07-20,6961.26,6961.26,Pago,Boleto
CR000426,C0023,2026-03-18,2026-04-08,1900-01-01,10103.76,0.0,Vencido,Boleto
CR000427,C0046,2026-04-07,2026-05-07,2026-05-09,11141.43,11141.43,Pago,Boleto
CR000428,C0050,2026-04-03,2026-05-01,1900-01-01,1740.42,0.0,Em aberto,Cartão
CR000429,C0006,2026-01-24,2026-01-31,2026-02-04,6545.83,6545.83,Pago,Boleto
CR000430,C0029,2026-01-20,2026-02-10,1900-01-01,10249.29,0.0,Em aberto,Cartão
CR000431,C0017,2026-05-30,2026-06-27,1900-01-01,9655.98,0.0,NAO INFORMADO,Cartão
CR000432,C0047,2026-04-17,2026-06-16,1900-01-01,2693.79,0.0,Em aberto,Boleto
CR000433,C0032,2026-07-02,2026-07-30,1900-01-01,2201.96,0.0,Em aberto,PIX
CR000434,C0045,2026-02-24,2026-03-24,2026-03-29,7258.33,7258.33,Pago,Transferência
CR000435,C0008,2026-06-04,2026-08-03,2026-08-05,6306.71,6306.71,NAO INFORMADO,Transferência
CR000436,C0003,2026-05-14,2026-05-28,2026-05-30,2030.81,2030.81,Pago,Transferência
CR000437,C0019,2026-05-05,2026-05-12,2026-05-15,0.0,11930.69,Pago,PIX
CR000438,C0020,2026-08-16,2026-09-06,1900-01-01,3469.05,0.0,Em aberto,PIX
CR000439,C0008,2026-05-21,2026-06-11,2026-06-14,1293.2,1293.2,Pago,Cartão
CR000440,C0037,2026-03-21,2026-04-20,2026-04-23,6949.9,6949.9,Pago,Cartão
CR000441,C0047,2026-08-02,2026-09-01,2026-09-06,2252.3,2252.3,Pago,Cartão
CR000442,C0049,2026-04-26,2026-06-10,2026-06-08,6901.4,6901.4,Pago,Cartão
CR000443,C0025,2026-03-01,2026-03-29,2026-04-02,5283.27,5283.27,Pago,Transferência
CR000444,C0042,2026-01-23,2026-03-24,2026-03-25,2734.54,2734.54,Pago,PIX
CR000445,C0042,2026-05-24,2026-05-31,1900-01-01,3128.67,0.0,Vencido,PIX
CR000446,C0037,2026-05-14,2026-05-28,1900-01-01,11333.21,0.0,Em aberto,PIX
CR000447,C0008,2026-06-18,2026-07-18,2026-07-19,2942.23,2942.23,Pago,Boleto
CR000448,C0016,2026-08-01,2026-09-15,1900-01-01,12632.09,0.0,Vencido,Cartão
CR000449,C0006,2026-07-26,2026-08-25,1900-01-01,9220.77,0.0,Em aberto,PIX
CR000450,C0032,2026-08-09,2026-08-16,2026-08-19,5297.36,5297.36,Pago,PIX
CR000451,C0034,2026-03-23,2026-04-20,2026-04-18,4080.51,4080.51,Pago,Boleto
CR000452,C0019,2026-02-06,2026-02-20,2026-02-19,4056.65,4056.65,Pago,Transferência
CR000453,C0027,2026-06-23,2026-07-07,2026-07-06,1166.03,1166.03,Pago,PIX
CR000454,C0046,2026-01-15,2026-02-05,2026-02-04,6032.11,6032.11,Pago,Cartão
CR000455,C0021,2026-03-08,2026-04-05,2026-04-02,14141.19,14141.19,Pago,Boleto
CR000456,C0016,2026-07-12,2026-08-11,1900-01-01,8914.63,0.0,Em aberto,Cartão
CR000457,C0008,2026-03-10,2026-03-17,1900-01-01,4979.55,0.0,Em aberto,Cartão
CR000458,C0005,2026-05-04,2026-05-11,2026-05-08,6290.16,6290.16,Pago,Transferência
CR000459,C0036,2026-05-31,2026-07-15,1900-01-01,1792.19,0.0,Em aberto,Boleto
CR000460,C0020,2026-05-26,2026-06-23,1900-01-01,6855.94,0.0,Em aberto,Boleto
CR000461,C0010,2026-04-06,2026-05-06,2026-05-11,14784.04,14784.04,Pago,Cartão
CR000462,C0036,2026-04-26,2026-05-03,1900-01-01,314.72,0.0,Em aberto,Transferência
CR000463,C0042,2026-02-12,2026-02-19,1900-01-01,1184.57,0.0,Em aberto,Transferência
CR000464,C0039,2026-03-06,2026-05-05,2026-05-05,10295.97,10295.97,Pago,Transferência
CR000465,C0003,2026-02-11,2026-03-28,2026-03-29,8151.11,8151.11,Pago,PIX
CR000466,C0026,2026-06-28,2026-07-05,1900-01-01,12508.32,0.0,Em aberto,Transferência
CR000467,C0028,2026-02-23,2026-03-25,2026-03-27,7720.86,7720.86,Pago,Transferência
CR000468,NAO INFORMADO,2026-07-01,2026-07-29,2026-07-31,4313.29,4313.29,Pago,Boleto
CR000469,C0030,2026-06-03,2026-06-24,2026-06-21,533.36,533.36,Pago,NAO INFORMADO
CR000470,C0001,2026-08-19,2026-08-26,1900-01-01,10188.78,0.0,Em aberto,Cartão
CR000471,C0049,2026-04-11,2026-05-11,2026-05-16,1492.89,1492.89,Pago,PIX
CR000472,C0043,2026-04-24,2026-06-08,1900-01-01,2114.21,0.0,Em aberto,Transferência
CR000473,NAO INFORMADO,2026-02-15,2026-04-16,2026-04-14,11589.1,11589.1,Pago,Cartão
CR000474,c0024,2026-02-19,2026-03-19,2026-03-20,437.64,437.64,Pago,Transferência
CR000475,C0013,2026-01-24,2026-03-25,2026-03-25,9317.61,9317.61,NAO INFORMADO,Boleto
CR000476,C0032,2026-04-03,2026-04-10,1900-01-01,4427.12,0.0,Vencido,Boleto
CR000477,C0001,2026-02-20,2026-04-21,2026-04-22,9685.01,9685.01,Pago,Cartão
CR000478,C0011,2026-05-22,2026-06-05,1900-01-01,9999.62,0.0,Vencido,Boleto
CR000479,C0005,2026-05-31,2026-06-14,2026-06-15,11265.81,11265.81,Pago,Boleto
CR000480,C0034,2026-07-06,2026-09-04,2026-09-09,4332.62,4332.62,Pago,Transferência
CR000481,C0044,2026-05-24,2026-06-21,1900-01-01,328.74,0.0,Em aberto,PIX
CR000482,C0021,2026-04-21,2026-06-20,2026-06-18,14928.07,14928.07,Pago,Cartão
CR000483,C0032,2026-04-03,2026-05-03,2026-04-30,11457.62,11457.62,Pago,Transferência
CR000484,C0027,2026-05-17,2026-06-14,1900-01-01,4948.76,0.0,Em aberto,Boleto
CR000485,C0022,2026-01-21,2026-02-20,2026-02-23,12172.79,12172.79,Pago,PIX
CR000486,C0016,2026-02-20,2026-03-06,2026-03-04,5139.6,5139.6,Pago,PIX
CR000487,C0031,2026-04-21,2026-06-20,2026-06-21,653.15,653.15,Pago,Boleto
CR000488,C0007,2026-05-02,2026-05-16,2026-05-18,14394.4,14394.4,Pago,Boleto
CR000489,C0005,2026-07-18,2026-08-17,2026-08-21,9407.63,9407.63,Pago,PIX
CR000490,C0006,2026-01-16,2026-01-23,2026-01-22,5847.71,5847.71,Pago,PIX
CR000491,c0029,2026-01-15,2026-02-05,1900-01-01,9277.86,0.0,Em aberto,PIX
CR000492,C0007,2026-06-23,2026-06-30,2026-07-03,8521.09,8521.09,Pago,Cartão
CR000493,C0007,2026-06-08,2026-08-07,1900-01-01,6343.29,0.0,Vencido,PIX
CR000494,C0030,2026-04-09,2026-05-07,1900-01-01,11988.92,0.0,Vencido,PIX
CR000495,C0022,2026-06-16,2026-07-31,1900-01-01,11809.06,0.0,Em aberto,Transferência
CR000496,C0038,2026-02-19,2026-02-26,1900-01-01,1809.54,0.0,Vencido,PIX
CR000497,C0038,2026-07-22,2026-09-20,1900-01-01,3146.13,0.0,Vencido,Boleto
CR000498,C0041,2026-05-11,2026-06-01,1900-01-01,5524.25,0.0,Em aberto,Cartão
CR000499,C0012,2026-03-04,2026-03-18,2026-03-17,12016.28,12016.28,Pago,Transferência
CR000500,C0038,2026-04-22,2026-05-22,2026-05-23,14408.2,14408.2,Pago,Boleto
CR000309,C0017,2026-08-09,2026-09-08,1900-01-01,1122.1,0.0,Em aberto,Transferência
CR000014,C0047,2026-07-22,2026-08-21,2026-08-24,9297.47,9297.47,Pago,Cartão
CR000415,C0027,2026-04-13,2026-05-28,2026-05-30,10601.62,10601.62,Pago,Transferência
CR000033,C0013,2026-01-01,2026-01-08,2026-08-01,652.61,652.61,Pago,Cartão
CR000461,C0010,2026-04-06,2026-05-06,2026-05-11,14784.04,14784.04,Pago,Cartão
CR000156,C0040,2026-04-03,2026-06-02,1900-01-01,11488.59,0.0,Em aberto,boleto
CR000250,C0047,2026-01-26,2026-02-09,1900-01-01,13831.01,0.0,Em aberto,Transferência
