id_venda;data_venda;id_cliente;id_produto;quantidade;valor_unitario;desconto;forma_pagamento;status_venda;valor_total
V000001;2026-06-21;;P0045;14.0;156.91;0.0;Boleto;Faturada;2196.74
V000002;2026-04-13;C0027;P0064;10.0;15.17;50.0;PIX;faturada;101.7
V000003;2026-07-17;C0006;P0041;9.0;215.9;5.0;PIX;Cancelada;1938.1
V000004;2026-04-03;C0030;P0053;2.0;133.92;10.0;Transferência;Faturada;257.84
V000005;2026-02-03;C0049;P0007;7.0;91.86;0.0;Transferência;;643.02
V000006;2026-03-03;C0008;P0004;21.0;28.37;20.0;Boleto;Faturada;575.77
V000007;2026-02-27;C0036;P0002;18.0;225.27;50.0;PIX;Faturada;4004.86
V000008;2026-03-16;C0008;P0020;16.0;21.07;10.0;Cartão;Faturada;327.12
V000009;2026-02-07;C0031;P0061;8.0;44.1;5.0;Boleto;Devolvida;347.8
V000010;2026-07-17;C0033;P0018;28.0;136.35;50.0;Transferência;Faturada;3767.8
V000011;2026-07-05;C9999;P0035;27.0;196.23;0.0;Transferência;Faturada;5298.21
V000012;2026-05-22;C0029;P0069;16.0;25.24;50.0;Transferência;Faturada;353.84
V000013;2026-04-09;C0021;P0025;23.0;138.69;0.0;Transferência;Faturada;3189.87
V000014;2026-04-08;C0021;P0061;23.0;47.22;5.0;Boleto;Faturada;1081.06
V000015;2026-03-26;C0003;P0017;17.0;120.31;50.0;PIX;Faturada;1995.27
V000016;2026-07-04;C0007;P0068;30.0;71.16;0.0;Transferência;Faturada;2134.8
V000017;2026-03-28;C0005;P0061;26.0;47.6;10.0;Transferência;Faturada;1227.6
V000018;2026-06-10;C0022;P0069;13.0;27.66;20.0;Transferência;Cancelada;
V000019;2026-06-25;C0003;P0080;3.0;183.28;0.0;Boleto;Faturada;549.84
V000020;2026-08-12;C0028;P0013;25.0;160.25;0.0;Transferência;Faturada;4006.25
V000021;2026-03-25;C0045;P0039;29.0;207.89;50.0;PIX;Faturada;5978.81
V000022;2026-05-16;C0023;P0048;14.0;103.21;5.0;Boleto;Faturada;1439.94
V000023;2026-06-08;C0012;P0011;20.0;134.61;20.0;Boleto;Faturada;2672.2
V000024;2026-03-07;C0038;P0019;8.0;36.75;5.0;Cartão;Faturada;289.0
V000025;2026-01-19;C0030;P0037;22.0;79.01;5.0;Cartão;Devolvida;1733.22
V000026;2026-08-05;C0020;P9999;23.0;160.98;0.0;Boleto;Faturada;3702.54
V000027;2026-04-02;C0031;P0014;8.0;;10.0;Cartão;Faturada;776.08
V000028;2026-08-10;C0002;P0051;9.0;101.96;20.0;PIX;Devolvida;897.64
V000029;2026-03-15;C0048;P0064;27.0;15.72;50.0;Boleto;devolvida;374.44
V000030;2026-03-06;C0023;P0029;21.0;87.08;20.0;Boleto;Faturada;1808.68
V000031;2026-01-09;C0041;P0006;-5.0;99.22;10.0;Cartão;Faturada;982.2
V000032;2026-02-14;c0006;P0038;11.0;115.85;0.0;boleto;Cancelada;1274.35
V000033;2026-08-01;C0024;P0068;17.0;76.19;;Cartão;Faturada;1295.23
V000034;2026/01/20;C0019;P0044;26.0;183.32;0.0;Boleto;faturada;4766.32
V000035;2026-01-04;C0036;P0047;3.0;201.57;0.0;PIX;Faturada;604.71
V000036;2026-06-13;C0024;P0034;19.0;94.59;0.0;PIX;Faturada;1797.21
V000037;2026-05-24;C0031;P0004;20.0;29.55;0.0;Boleto;Faturada;
V000038;2026-06-16;C0041;P0060;30.0;175.63;5.0;PIX;Faturada;5263.9
V000039;2026-01-30;C0003;P0005;10.0;117.63;0.0;Boleto;Cancelada;1176.3
V000040;10-07-2026;C0009;P0050;15.0;63.66;20.0;Transferência;Devolvida;934.9
V000041;2026-01-26;C0048;P0020;29.0;19.49;50.0;Transferência;Devolvida;515.21
V000042;2026-02-25;C0027;P0036;2.0;112.82;5.0;Transferência;Faturada;220.64
V000043;2026-08-19;C0024;P0013;22.0;153.82;20.0;Cartão;Faturada;3364.04
V000044;2026-08-06;C0026;P0036;7.0;117.5;50.0;Transferência;Faturada;772.5
V000045;2026-01-06;C0043;P0028;21.0;58.33;0.0;Cartão;Faturada;1224.93
V000046;2026-07-15;C0009;P0073;7.0;172.7;10.0;Boleto;Devolvida;1198.9
V000047;2026-07-21;C0014;P0030;11.0;133.73;10.0;PIX;Faturada;1461.03
V000048;2026-02-14;C0010;P0017;18.0;107.96;0.0;PIX;Faturada;1943.28
V000049;2026-05-31;C0001;P0046;26.0;162.7;0.0;PIX;Faturada;4230.2
V000050;2026-05-15;C0017;P0007;5.0;98.82;0.0;PIX;Faturada;494.1
V000051;2026-04-26;C0029;;;195.72;10.0;boleto;Devolvida;3317.24
V000052;2026-01-08;C0003;P0067;10.0;139.76;0.0;Transferência;Faturada;1397.6
V000053;2026-04-24;C0028;P0014;16.0;103.35;0.0;PIX;Faturada;1653.6
V000054;2026-06-09;C0039;P0019;3.0;34.85;20.0;Cartão;Faturada;84.55
V000055;2026-06-04;C0039;P0068;10.0;71.12;5.0;PIX;Faturada;706.2
V000056;2026-04-21;C0042;P0071;24.0;148.02;5.0;Boleto;Faturada;3547.48
V000057;2026-01-25;C0022;P0059;13.0;176.73;0.0;Transferência;Faturada;2297.49
V000058;2026-06-25;C0043;P0033;12.0;110.86;5.0;PIX;Faturada;1325.32
V000059;2026-07-09;C0006;P0012;14.0;202.3;0.0;Boleto;Cancelada;2832.2
V000060;2026-06-21;C0004;P0076;18.0;166.18;0.0;Transferência;;2991.24
V000061;2026-01-14;C0043;P0055;28.0;178.13;0.0;Cartão;Faturada;4987.64
V000062;2026-06-18;C0007;P0074;17.0;35.7;5.0;Boleto;Faturada;601.9
V000063;2026-03-13;C0023;P0072;12.0;155.57;10.0;Boleto;Faturada;1856.84
V000064;2026-05-23;C0036;P0080;20.0;196.22;0.0;Cartão;Faturada;3924.4
V000065;2026-03-28;C0012;P0035;23.0;221.07;0.0;PIX;Faturada;5084.61
V000066;06/02/2026;C0010;P0073;22.0;182.15;20.0;PIX;Faturada;3987.3
V000067;2026-04-27;C0048;P0068;7.0;70.27;0.0;Boleto;Faturada;491.89
V000068;2026-06-02;C0020;P0042;25.0;240.95;0.0;PIX;Faturada;6023.75
V000069;2026-03-11;C0011;P0080;2.0;196.19;5.0;Transferência;Faturada;387.38
V000070;2026-07-13;C0039;P0057;14.0;79.48;10.0;PIX;Faturada;1102.72
V000071;2026-06-01;C0028;P0015;10.0;3.11;5.0;Cartão;Faturada;26.1
V000072;2026-02-22;C0015;P0051;20.0;102.76;0.0;Boleto;Faturada;2055.2
V000073;2026-01-02;C0049;P0033;10.0;100.89;5.0;Transferência;Faturada;1003.9
V000074;2026-05-09;C0009;P0049;18.0;158.03;10.0;Cartão;Faturada;2834.54
V000075;2026-01-20;C0026;P0006;14.0;87.97;50.0;Cartão;Devolvida;1181.58
V000076;2026-04-17;C0028;P0074;13.0;38.56;0.0;  PIX ;Faturada;501.28
V000077;2026-06-08;C0002;P0042;6.0;236.08;5.0;Cartão;Faturada;1411.48
V000078;2026-04-13;;P0014;8.0;99.09;;PIX;Faturada;782.72
V000079;2026-02-13;C0020;P0044;8.0;189.85;0.0;PIX;Cancelada;1518.8
V000080;2026-03-31;;p0025;29.0;150.64;20.0;Boleto;Faturada;4348.56
V000081;2026-06-04;C0007;P0019;9.0;35.25;0.0;PIX;Faturada;317.25
V000082;2026-07-14;C0050;P0064;15.0;15.38;10.0;Transferência;Devolvida;220.7
V000083;2026-06-10;C0042;P0080;11.0;201.79;0.0;Boleto;Faturada;2219.69
V000084;2026-07-23;C0005;P0061;15.0;45.29;0.0;PIX;Faturada;679.35
V000085;2026-01-10;C0033;P0010;10.0;46.57;0.0;Cartão;Faturada;465.7
V000086;2026-04-09;C0005;  P0012 ;20.0;218.81;5.0;PIX;Faturada;4371.2
V000087;2026-05-09;C0037;P0025;11.0;146.83;0.0;PIX;Faturada;1615.13
V000088;2026-06-15;C0007;P0044;23.0;182.39;0.0;PIX;Faturada;4194.97
V000089;2026-06-06;C0046;P0057;15.0;82.66;0.0;Cartão;Faturada;1239.9
V000090;2026-06-23;C0019;P0050;14.0;67.69;10.0;PIX;Faturada;937.66
V000091;2026-04-09;C0005;P0043;4.0;219.51;0.0;Cartão;Devolvida;878.04
V000092;2026-02-06;C0010;P0043;3.0;220.34;0.0;Cartão;Faturada;661.02
V000093;2026-03-21;C0009;P0077;23.0;12.96;10.0;Transferência;Faturada;288.08
V000094;2026-04-19;C0009;P0068;3.0;73.24;10.0;Cartão;Faturada;209.72
V000095;2026-03-29;C0024;P0040;6.0;156.67;50.0;Transferência;Faturada;890.02
V000096;2026-08-05;C0015;  P0018 ;5.0;;50.0;PIX;Cancelada;632.6
V000097;2026-05-15;C0050;P0070;27.0;60.5;0.0;Cartão;Devolvida;1633.5
V000098;2026-02-16;C0009;P0077;13.0;11.49;50.0;Boleto;Faturada;99.37
V000099;2026-03-02;C0003;P0053;12.0;144.5;5.0;Cartão;Faturada;1729.0
V000100;2026-07-27;C0015;P0069;8.0;25.1;50.0;Transferência;Faturada;150.8
V000101;2026-03-14;C0024;P0074;15.0;37.13;50.0;Transferência;Cancelada;506.95
V000102;2026-07-25;C0034;P0054;6.0;23.81;10.0;Boleto;Faturada;132.86
V000103;2026-01-27;C0004;P0062;28.0;15.21;20.0;PIX;Faturada;405.88
V000104;2026-05-12;C0006;P0021;9.0;116.25;0.0;Transferência;;1046.25
V000105;2026-01-07;C0015;P0058;29.0;54.9;5.0;PIX;Faturada;1587.1
V000106;2026-01-21;C0033;P0048;8.0;107.25;0.0;Boleto;Faturada;858.0
V000107;2026-03-27;C0021;P0013;27.0;162.21;50.0;Boleto;  Faturada ;4329.67
V000108;2026-06-28;C0003;P0037;30.0;82.43;50.0;Boleto;Faturada;2422.9
V000109;2026-01-05;C0029;P0079;1.0;118.62;0.0;Boleto;Faturada;118.62
V000110;2026-07-18;C0036;P0078;17.0;222.54;0.0;Boleto;Faturada;3783.18
V000111;2026-07-23;C0008;P0007;8.0;94.1;10.0;Transferência;Faturada;742.8
V000112;2026-06-11;C0008;P0064;20.0;14.88;10.0;Boleto;Faturada;287.6
V000113;2026-03-03;C0019;P0055;1.0;170.37;10.0;Transferência;Faturada;160.37
V000114;2026-01-18;C0043;P0011;17.0;136.64;10.0;PIX;Faturada;2312.88
V000115;2026-04-06;C0031;P0006;21.0;93.35;0.0;PIX;Faturada;1960.35
V000116;2026-06-10;C0005;P0045;8.0;166.81;0.0;Cartão;Faturada;1334.48
V000117;2026-06-14;C0003;P0046;18.0;151.92;0.0;  Transferência ;Faturada;2734.56
V000118;2026-07-03;C0041;P0024;26.0;31.84;50.0;Transferência;Faturada;777.84
V000119;2026-08-15;C0019;P0026;2.0;117.66;0.0;Cartão;Faturada;235.32
V000120;2026-03-06;C0033;P0051;27.0;111.04;0.0;Boleto;Faturada;2998.08
V000121;2026-03-11;C0023;P0007;28.0;97.56;0.0;Cartão;Faturada;2731.68
V000122;2026-03-28;C0026;P0057;29.0;88.14;0.0;Transferência;Faturada;2556.06
V000123;2026-07-06;C0024;P0067;9.0;147.19;5.0;PIX;Faturada;1319.71
V000124;2026-01-27;C0039;P0024;18.0;32.66;0.0;Cartão;Faturada;587.88
V000125;2026-02-12;C0020;P0058;20.0;58.08;20.0;Transferência;Faturada;1141.6
V000126;2026-04-01;C0029;P0006;24.0;100.41;10.0;Transferência;Faturada;2399.84
V000127;2026-04-14;C0041;P0008;3.0;231.28;0.0;Boleto;Faturada;693.84
V000128;2026-01-09;C0010;P0078;22.0;234.94;0.0;PIX;Faturada;5168.68
V000129;2026-05-26;C0050;P0047;12.0;189.47;0.0;Boleto;  Faturada ;2273.64
V000130;2026-05-27;C0024;P0048;15.0;113.58;0.0;;Faturada;1703.7
V000131;2026-01-07;C0021;P0036;8.0;117.38;20.0;Boleto;Faturada;919.04
V000132;2026-03-09;C0034;P0050;30.0;65.56;50.0;Cartão;Faturada;1916.8
V000133;2026-05-06;C0014;P0079;10.0;114.98;0.0;PIX;;1149.8
V000134;2026-04-24;;P0058;6.0;59.65;0.0;Cartão;Faturada;357.9
V000135;2026-08-17;C0046;P0009;18.0;172.39;0.0;Boleto;Faturada;3103.02
V000136;2026-02-21;C0024;  P0066 ;8.0;68.87;50.0;Boleto;Faturada;500.96
V000137;2026-04-05;C0032;P0004;12.0;28.14;5.0;Boleto;Devolvida;332.68
V000138;2026-07-03;C0006;P0009;;168.59;20.0;;Cancelada;1665.9
V000139;2026-02-02;C0027;P0053;27.0;142.3;0.0;PIX;Faturada;3842.1
V000140;2026-08-01;C0030;P0067;12.0;132.63;50.0;Boleto;Faturada;1541.56
V000141;2026-08-01;C0028;P0065;30.0;143.97;0.0;Boleto;Faturada;4319.1
V000142;2026-02-27;C0011;P0021;11.0;125.0;0.0;Cartão;Faturada;1375.0
V000143;2026-03-12;C0017;P0026;21.0;120.52;0.0;Cartão;Devolvida;2530.92
V000144;2026-06-01;C0035;P0012;17.0;220.37;10.0;Boleto;Faturada;3736.29
V000145;2026-03-28;C0043;P0080;24.0;202.9;50.0;PIX;Faturada;4819.6
V000146;2026-03-09;C0006;P0006;21.0;98.97;20.0;Boleto;Devolvida;2058.37
V000147;2026-08-16;C0027;P0080;21.0;177.27;20.0;Cartão;Faturada;3702.67
V000148;2026-04-14;C0031;P0032;26.0;88.19;0.0;  Transferência ;Faturada;2292.94
V000149;2026-05-04;  C0045 ;P0008;6.0;223.25;5.0;Boleto;Faturada;1334.5
V000150;2026-03-23;C0039;P0019;11.0;39.03;20.0;Cartão;Faturada;409.33
V000151;2026-03-23;C0009;P0048;17.0;110.2;0.0;Transferência;Faturada;1873.4
V000152;2026-01-13;C0018;P0058;8.0;53.09;0.0;Transferência;Devolvida;424.72
V000153;2026-07-28;C0027;P0032;28.0;89.42;0.0;Cartão;Faturada;2503.76
V000154;2026-04-30;C0049;P0021;16.0;126.11;5.0;Cartão;Faturada;2012.76
V000155;2026-03-03;C0002;P0012;13.0;215.87;0.0;Cartão;Faturada;2806.31
V000156;2026-08-04;C0004;P0037;16.0;79.63;20.0;Transferência;Faturada;1254.08
V000157;2026-02-04;C0035;P0002;28.0;214.7;0.0;Cartão;Faturada;6011.6
V000158;2026-05-24;C0024;P0006;13.0;88.44;0.0;Cartão;Cancelada;1149.72
V000159;2026-07-15;C0019;P0010;13.0;46.88;10.0;Cartão;Devolvida;599.44
V000160;2026-01-25;C0044;P0079;4.0;105.27;5.0;Cartão;Faturada;416.08
V000161;2026-06-04;C0036;P0047;25.0;182.38;10.0;Transferência;Cancelada;4549.5
V000162;2026-03-27;;P0006;2.0;89.7;50.0;;Cancelada;129.4
V000163;2026-02-05;C0030;P0020;20.0;20.95;0.0;Cartão;Faturada;419.0
V000164;2026-06-01;C0026;P0079;24.0;117.53;0.0;Transferência;Devolvida;2820.72
V000165;2026-03-26;C0020;P0061;27.0;;20.0;PIX;Faturada;1089.43
V000166;2026-08-12;C0038;P0040;26.0;155.49;20.0;PIX;Devolvida;4022.74
V000167;2026-07-18;C0031;P0034;21.0;100.54;10.0;Boleto;Faturada;2101.34
V000168;2026-07-04;C0038;;6.0;15.58;10.0;  Transferência ;Faturada;83.48
V000169;2026-06-29;C0044;P0032;2.0;85.15;0.0;Boleto;Faturada;170.3
V000170;2026-06-26;C0029;P0041;14.0;;0.0;Transferência;Cancelada;2940.42
V000171;2026-08-06;C0050;P0079;30.0;111.16;20.0;PIX;Faturada;3314.8
V000172;2026-06-19;C0034;P0027;18.0;111.81;5.0;Transferência;Faturada;2007.58
V000173;2026-05-20;C0012;P0059;30.0;179.96;0.0;Cartão;  Devolvida ;5398.8
V000174;2026-03-18;C0031;P0025;8.0;139.58;0.0;Cartão;Faturada;1116.64
V000175;2026-03-23;C0046;P0027;23.0;118.53;5.0;Cartão;Cancelada;2721.19
V000176;2026-06-23;C0047;P0036;10.0;103.23;10.0;Transferência;Faturada;1022.3
V000177;2026-07-02;C0023;P0019;10.0;34.37;0.0;Cartão;Faturada;343.7
V000178;2026-02-21;C0042;P0033;24.0;103.3;50.0;Cartão;Cancelada;2429.2
V000179;2026-07-09;C0045;;5.0;199.72;10.0;Boleto;Faturada;988.6
V000180;2026-01-14;C0004;P0068;8.0;73.15;0.0;Transferência;Faturada;585.2
V000181;2026-02-05;C0046;P0061;4.0;45.63;0.0;Boleto;Faturada;182.52
V000182;2026-07-13;C0042;  P0061 ;16.0;45.42;0.0;Cartão;Faturada;726.72
V000183;2026-06-16;C0042;P0008;30.0;234.66;10.0;Boleto;cancelada;7029.8
V000184;2026-04-17;C0048;P0005;30.0;116.37;50.0;Boleto;Faturada;3441.1
V000185;2026-08-12;C0026;P0064;6.0;15.79;0.0;PIX;Faturada;94.74
V000186;2026-03-27;C0020;P0073;20.0;173.8;0.0;Transferência;Cancelada;3476.0
V000187;2026-08-06;C0034;P0064;29.0;15.8;10.0;Transferência;Faturada;448.2
V000188;2026-04-28;C0013;P0015;11.0;2.87;20.0;Cartão;Faturada;11.57
V000189;2026-06-22;C0001;P0044;26.0;188.71;50.0;Boleto;Faturada;4856.46
V000190;2026-03-25;C0040;P0052;27.0;44.45;0.0;Transferência;Faturada;1200.15
V000191;2026-03-05;C0012;P0018;16.0;142.05;0.0;Cartão;Faturada;2272.8
V000192;2026-03-26;C0016;P0058;25.0;54.18;0.0;PIX;Faturada;1354.5
V000193;2026-06-20;C0042;P0047;23.0;185.12;0.0;Transferência;Faturada;4257.76
V000194;2026-08-18;C0011;P0052;22.0;44.96;20.0;Cartão;Faturada;969.12
V000195;2026-02-26;C0041;P0038;12.0;113.57;0.0;Transferência;Faturada;1362.84
V000196;2026-05-21;C0030;P0078;12.0;222.28;5.0;Boleto;Faturada;2662.36
V000197;2026-05-15;C0044;P0077;28.0;12.68;5.0;Cartão;Faturada;350.04
V000198;2026-08-20;C0037;P0015;2.0;;10.0;Boleto;Devolvida;-3.64
V000199;2026-05-14;C0035;P0020;6.0;19.23;5.0;PIX;Faturada;110.38
V000200;2026-05-11;C0046;p0075;16.0;69.35;;PIX;Faturada;1104.6
V000201;2026-01-15;C0009;P0066;14.0;72.65;10.0;Transferência;Faturada;1007.1
V000202;2026-01-01;C0047;P0003;13.0;76.68;20.0;Boleto;Devolvida;976.84
V000203;2026-01-17;C0005;P0006;;92.73;10.0;PIX;Faturada;1288.22
V000204;2026-07-16;C0031;P0005;10.0;107.76;0.0;Transferência;Faturada;1077.6
V000205;2026-04-07;C0025;P0058;28.0;59.81;5.0;PIX;Cancelada;1669.68
V000206;2026-05-18;C0009;P0045;4.0;153.07;5.0;Boleto;Faturada;607.28
V000207;2026-07-04;C0001;P0003;10.0;79.23;10.0;Transferência;Cancelada;782.3
V000208;2026-02-09;C0025;P0030;8.0;127.53;0.0;Boleto;Faturada;1020.24
V000209;2026-08-15;C0003;P0054;20.0;23.64;0.0;Boleto;Faturada;472.8
V000210;2026-06-03;C0005;P0013;20.0;145.76;20.0;PIX;Faturada;2895.2
V000211;2026-05-19;C0048;P0006;13.0;94.11;0.0;PIX;Faturada;1223.43
V000212;2026-07-07;C0033;P0038;8.0;117.02;10.0;Cartão;Devolvida;926.16
V000213;2026-02-06;C0039;P0042;8.0;218.74;20.0;Boleto;Faturada;1729.92
V000214;2026-06-01;C0020;P0036;2.0;110.57;20.0;Boleto;Faturada;201.14
V000215;2026-06-14;C0036;P0064;2.0;15.88;20.0;transferência;Cancelada;11.76
V000216;2026-04-07;;P0054;14.0;21.48;0.0;Transferência;Faturada;300.72
V000217;2026-07-26;C0015;P0039;28.0;231.29;5.0;PIX;Cancelada;6471.12
V000218;2026-04-10;C0027;P0054;18.0;22.81;0.0;Cartão;Faturada;410.58
V000219;2026-04-05;C0022;P0011;30.0;126.36;0.0;Boleto;Faturada;3790.8
V000220;2026-01-11;C0018;P0049;22.0;155.71;50.0;PIX;Faturada;3375.62
V000221;2026-02-25;C0049;P0076;24.0;168.96;5.0;Boleto;;4050.04
V000222;2026-07-09;C0020;P0002;7.0;243.87;0.0;Transferência;Faturada;1707.09
V000223;2026-03-03;C0045;P0078;23.0;214.96;10.0;Cartão;Faturada;4934.08
V000224;2026-03-20;C0025;  P0060 ;18.0;174.26;0.0;Cartão;Cancelada;3136.68
V000225;2026-07-04;C0032;P0060;4.0;178.3;5.0;Cartão;Faturada;708.2
V000226;2026-08-10;C0024;P0041;14.0;206.42;0.0;Boleto;Faturada;2889.88
V000227;2026-07-04;C0017;P0071;30.0;141.95;5.0;Cartão;Faturada;4253.5
V000228;2026-08-02;C0013;P0043;8.0;213.55;0.0;Transferência;Cancelada;1708.4
V000229;2026-05-06;c0042;P0044;9.0;202.75;20.0;Transferência;Faturada;1804.75
V000230;2026-05-20;C0011;P0046;6.0;147.16;5.0;Boleto;Cancelada;877.96
V000231;2026-08-05;C0042;P0008;17.0;209.18;0.0;PIX;Faturada;3556.06
V000232;2026-01-18;C0027;P0018;27.0;148.95;20.0;Boleto;  Faturada ;4001.65
V000233;2026-06-08;C0014;P0065;15.0;133.6;20.0;Transferência;Faturada;1984.0
V000234;2026-01-04;C0002;P0001;18.0;208.87;0.0;Cartão;Cancelada;3759.66
V000235;2026-06-22;C0019;P0003;17.0;83.53;5.0;Boleto;Faturada;1415.01
V000236;2026-06-08;C0007;P0068;5.0;68.78;10.0;Cartão;Faturada;333.9
V000237;2026-04-14;C0018;P0051;3.0;108.16;5.0;Boleto;Faturada;319.48
V000238;2026-06-16;C0020;P0011;21.0;136.98;50.0;PIX;Faturada;2826.58
V000239;2026-01-15;C0026;P0049;13.0;154.47;20.0;PIX;Faturada;1988.11
V000240;2026-07-20;c0006;P0064;28.0;14.65;0.0;PIX;Cancelada;410.2
V000241;2026-06-27;C0003;P0030;7.0;136.23;10.0;Transferência;Faturada;943.61
V000242;2026-08-19;C0003;P0010;22.0;49.92;10.0;PIX;Faturada;1088.24
V000243;2026-07-12;C0021;P0003;7.0;80.75;50.0;Transferência;Faturada;515.25
V000244;2026-08-02;;P0021;19.0;112.49;50.0;Transferência;;2087.31
V000245;2026-07-22;C0022;P0050;25.0;67.34;20.0;PIX;Cancelada;1663.5
V000246;2026-03-01;C0048;P0045;2.0;151.07;50.0;PIX;Faturada;252.14
V000247;2026-07-18;C0039;P0079;20.0;109.87;0.0;PIX;Faturada;2197.4
V000248;2026-04-07;C0029;P0063;8.0;132.57;5.0;Boleto;Devolvida;1055.56
V000249;2026-03-17;C0043;P0049;3.0;159.65;50.0;Boleto;Faturada;428.95
V000250;2026-07-20;C0006;P0035;5.0;208.57;20.0;Boleto;Faturada;1022.85
V000251;2026-03-20;C0021;P0047;4.0;180.82;5.0;Cartão;Faturada;
V000252;2026-04-25;C0007;P0017;3.0;106.87;10.0;;Faturada;310.61
V000253;2026-06-02;C0002;P0012;12.0;217.49;10.0;Cartão;Faturada;2599.88
V000254;2026-01-22;C0001;;14.0;109.67;20.0;Boleto;Devolvida;1515.38
V000255;2026-02-05;C0034;P0022;22.0;203.73;0.0;Cartão;;4482.06
V000256;2026-03-12;C0032;P0019;3.0;35.08;5.0;;Faturada;100.24
V000257;2026-07-04;C0005;;9.0;206.13;20.0;Transferência;Devolvida;1835.17
V000258;2026-03-19;C0040;P0026;15.0;105.8;0.0;Transferência;Faturada;1587.0
V000259;2026-04-23;C0040;P0049;26.0;161.77;0.0;Transferência;Devolvida;4206.02
V000260;2026-06-27;C0009;P0039;11.0;227.69;0.0;Transferência;Faturada;2504.59
V000261;2026-06-27;C0012;;11.0;106.77;20.0;Transferência;Devolvida;1154.47
V000262;2026-07-21;C0016;P0042;13.0;218.0;5.0;Cartão;faturada;2829.0
V000263;2026-02-16;  C0037 ;P0026;19.0;121.23;20.0;PIX;Faturada;2283.37
V000264;2026-08-01;c0046;P0027;15.0;120.17;20.0;PIX;Faturada;1782.55
V000265;2026-03-03;C0044;P0064;5.0;15.1;0.0;Boleto;Faturada;75.5
V000266;2026-05-03;C0025;P0010;15.0;50.39;10.0;Transferência;Cancelada;745.85
V000267;2026-04-03;C0033;P0054;18.0;21.09;20.0;PIX;Faturada;359.62
V000268;2026-02-12;C0050;P0032;22.0;86.34;20.0;PIX;Devolvida;1879.48
V000269;2026-07-23;C0042;P0052;25.0;43.78;5.0;PIX;Faturada;1089.5
V000270;2026-05-13;C0007;P0034;8.0;96.51;10.0;Boleto;Faturada;762.08
V000271;2026-05-31;C0024;P0051;15.0;114.93;20.0;Boleto;Faturada;1703.95
V000272;2026-01-22;C0002;P0062;4.0;15.03;0.0;;faturada;60.12
V000273;2026-05-14;C0020;P0044;15.0;203.38;5.0;Cartão;Faturada;3045.7
V000274;2026-03-23;C0007;P0057;24.0;84.85;0.0;Cartão;Faturada;2036.4
V000275;2026-06-15;C0046;P0015;1.0;3.18;0.0;Boleto;Faturada;3.18
V000276;2026-05-24;C0034;P0023;18.0;;5.0;Transferência;Faturada;2086.6
V000277;2026-04-21;C0026;P0024;6.0;34.46;5.0;PIX;Devolvida;201.76
V000278;2026-01-02;C0013;P0058;19.0;55.59;20.0;Boleto;Faturada;1036.21
V000279;2026-08-12;C0018;P0009;19.0;160.78;10.0;Boleto;Faturada;3044.82
V000280;2026-06-21;C0021;P0026;15.0;105.92;50.0;Transferência;Cancelada;1538.8
V000281;2026-04-11;C0041;P0041;20.0;218.13;10.0;PIX;Faturada;4352.6
V000282;2026-06-22;C0023;P0059;20.0;170.03;20.0;Cartão;Devolvida;3380.6
V000283;2026-01-31;C0038;P0011;22.0;120.17;0.0;Cartão;Faturada;2643.74
V000284;10-04-2026;C0012;P0048;23.0;103.14;5.0;Boleto;Devolvida;2367.22
V000285;2026-05-18;C0025;P0055;6.0;167.07;20.0;Boleto;Cancelada;982.42
V000286;2026-03-22;;P0063;10.0;128.07;50.0;Transferência;Devolvida;1230.7
V000287;2026-02-19;C0004;P0046;1.0;155.42;;Transferência;Cancelada;105.42
V000288;2026-04-17;C0033;P0064;14.0;15.22;20.0;Transferência;Faturada;
V000289;2026-07-14;C0011;P0011;19.0;118.15;0.0;Cartão;Faturada;2244.85
V000290;2026-07-19;C0018;P0029;18.0;88.46;5.0;Transferência;Cancelada;1587.28
V000291;2026-07-18;C0033;P0015;19.0;2.84;10.0;Cartão;Cancelada;43.96
V000292;2026-05-20;C0049;P0006;25.0;98.2;0.0;Transferência;Faturada;2455.0
V000293;2026-01-09;C0048;P0032;10.0;89.07;5.0;Cartão;Faturada;885.7
V000294;2026-07-18;C0006;P0057;28.0;88.62;50.0;Boleto;Faturada;2431.36
V000295;2026-07-01;C0048;P0076;23.0;160.84;10.0;Transferência;Faturada;3689.32
V000296;2026-02-22;C0040;P0018;26.0;139.43;50.0;PIX;Devolvida;3575.18
V000297;2026-02-13;C0023;P0069;9.0;26.24;0.0;Cartão;Faturada;236.16
V000298;2026-08-19;C0037;P0035;28.0;;20.0;PIX;Faturada;
V000299;2026-03-12;C0049;P0053;30.0;131.14;50.0;Boleto;Faturada;3884.2
V000300;2026-03-05;C0016;P0019;23.0;35.96;50.0;Transferência;Faturada;777.08
V000301;2026-04-17;C0010;;21.0;36.02;5.0;Transferência;Faturada;751.42
V000302;2026-03-13;C0041;P0012;13.0;216.21;20.0;Cartão;Faturada;2790.73
V000303;2026-07-18;C0032;P0042;19.0;208.35;50.0;PIX;Faturada;3908.65
V000304;2026-05-17;C0041;  P0046 ;28.0;145.32;5.0;Boleto;;4063.96
V000305;2026-03-14;C0014;P0064;9.0;14.4;0.0;Boleto;Devolvida;129.6
V000306;2026-01-13;C0032;P0044;29.0;200.33;0.0;PIX;Faturada;5809.57
V000307;2026-04-23;C0002;P0016;30.0;162.7;5.0;PIX;faturada;4876.0
V000308;2026-02-10;C0013;P0017;29.0;114.86;50.0;Cartão;Faturada;3280.94
V000309;2026-06-20;C0042;P0047;9.0;180.55;20.0;Boleto;Faturada;1604.95
V000310;2026-03-01;C0026;P0040;24.0;151.0;5.0;PIX;Faturada;3619.0
V000311;2026-06-01;C0001;P0028;16.0;53.4;0.0;Transferência;Faturada;854.4
V000312;2026-08-09;C0001;P0044;27.0;183.48;5.0;Boleto;Faturada;4948.96
V000313;2026-07-26;C0005;P0030;13.0;120.2;0.0;PIX;Faturada;1562.6
V000314;2026-07-28;C0024;P0039;5.0;220.09;50.0;Boleto;Faturada;1050.45
V000315;2026-06-16;;P0068;19.0;;0.0;Transferência;Faturada;1258.18
V000316;2026-04-16;C0047;P0028;21.0;59.29;10.0;transferência;Faturada;1235.09
V000317;2026-05-31;C0006;P0013;5.0;163.12;20.0;Transferência;Faturada;795.6
V000318;2026-03-12;C0028;P0041;26.0;209.63;20.0;PIX;Faturada;5430.38
V000319;2026-03-14;C0036;P0077;20.0;12.55;50.0;;Faturada;201.0
V000320;2026-07-11;C0014;P0067;20.0;140.88;5.0;Cartão;Faturada;2812.6
V000321;2026-05-08;C0016;P0064;13.0;13.92;20.0;PIX;Cancelada;160.96
V000322;2026-04-10;C0001;P0047;30.0;187.5;50.0;Transferência;Faturada;5575.0
V000323;2026-07-17;C0035;P0023;25.0;122.07;0.0;PIX;Devolvida;3051.75
V000324;2026-01-16;C0005;P0002;9.0;218.51;50.0;Transferência;Cancelada;1916.59
V000325;2026-06-29;C0019;P0065;25.0;134.48;5.0;PIX;Cancelada;3357.0
V000326;2026-03-21;C0035;P0079;5.0;107.82;0.0;Boleto;Faturada;539.1
V000327;2026-07-15;C0035;P0042;13.0;228.63;50.0;PIX;Faturada;2922.19
V000328;2026-03-03;;P0056;24.0;174.13;0.0;Boleto;Faturada;4179.12
V000329;2026-01-15;C0028;P0015;15.0;3.07;0.0;Boleto;Faturada;46.05
V000330;2026-05-08;C0001;P0018;23.0;135.04;0.0;Cartão;Faturada;3105.92
V000331;2026-03-10;C0024;P0017;24.0;117.13;20.0;PIX;Faturada;2791.12
V000332;2026-03-09;C0022;P0055;9.0;168.03;20.0;PIX;;1492.27
V000333;2026-08-08;C0030;P0066;12.0;68.13;10.0;Boleto;Faturada;807.56
V000334;2026-05-27;C0011;P0033;25.0;97.3;20.0;  PIX ;Faturada;2412.5
V000335;2026-08-09;C0048;P0066;1.0;;0.0;Boleto;Faturada;68.0
V000336;2026-02-15;C0031;P0047;13.0;205.42;50.0;PIX;Cancelada;2620.46
V000337;2026-04-17;C0046;P0054;8.0;22.09;20.0;Cartão;Faturada;156.72
V000338;2026-06-22;C0005;P0074;12.0;35.17;0.0;Boleto;Faturada;422.04
V000339;2026-04-30;C0034;p0006;13.0;88.7;50.0;Cartão;Faturada;1103.1
V000340;2026-04-05;C0021;p0012;18.0;214.25;0.0;Cartão;Devolvida;3856.5
V000341;2026-06-01;C0020;P0080;8.0;190.02;5.0;Boleto;Cancelada;1515.16
V000342;2026-04-15;C0049;P0032;5.0;77.82;0.0;Boleto;Cancelada;389.1
V000343;2026-06-18;C0023;P0002;11.0;210.98;5.0;Cartão;Faturada;2315.78
V000344;2026-01-16;C0014;P0068;8.0;70.75;0.0;Cartão;Faturada;566.0
V000345;2026-04-16;C0003;P0030;29.0;135.13;20.0;Cartão;Faturada;3898.77
V000346;2026-02-04;C0048;P0011;19.0;119.42;20.0;Transferência;Faturada;2248.98
V000347;2026-02-03;C0038;P0073;2.0;183.13;0.0;Cartão;Faturada;366.26
V000348;2026-03-25;C0021;P0051;23.0;115.94;0.0;Transferência;Faturada;2666.62
V000349;2026-07-17;C0015;P0010;7.0;44.23;10.0;PIX;Faturada;299.61
V000350;2026-04-15;C0007;P0022;15.0;206.45;0.0;Cartão;Faturada;
V000351;2026-01-31;C0029;P0040;15.0;;;Boleto;Faturada;2118.15
V000352;2026-08-08;C0046;P0078;2.0;215.32;0.0;Boleto;Faturada;430.64
V000353;2026-01-13;C0046;P0032;12.0;82.87;20.0;Cartão;Faturada;974.44
V000354;2026-05-23;C0012;P0004;13.0;29.43;20.0;Boleto;Faturada;362.59
V000355;2026-02-01;C0030;P0014;26.0;104.61;0.0;PIX;Faturada;2719.86
V000356;2026-06-25;C0009;P0026;27.0;110.89;20.0;PIX;Devolvida;2974.03
V000357;2026-01-06;C0038;P0034;30.0;100.99;0.0;Boleto;Faturada;3029.7
V000358;2026-07-27;C0009;p0012;29.0;227.21;0.0;PIX;Faturada;6589.09
V000359;2026-04-21;c0030;P0007;6.0;101.49;50.0;Transferência;Faturada;558.94
V000360;2026-04-01;C0002;P0049;22.0;151.5;0.0;Boleto;Faturada;3333.0
V000361;2026-06-07;C0018;P0058;29.0;53.16;10.0;Boleto;Faturada;1531.64
V000362;2026-01-16;C0032;P0053;29.0;141.78;0.0;Cartão;Faturada;4111.62
V000363;2026-07-24;C0009;P0054;7.0;23.21;10.0;Boleto;Cancelada;152.47
V000364;2026-05-03;C0002;P0049;26.0;158.26;10.0;Transferência;Faturada;4104.76
V000365;2026-02-16;C0037;P0065;11.0;133.92;0.0;Cartão;Devolvida;1473.12
V000366;2026-03-13;C0015;P0004;29.0;29.24;0.0;Transferência;Cancelada;847.96
V000367;2026-01-26;C0023;P0075;8.0;79.4;0.0;Boleto;  Faturada ;635.2
V000368;2026-02-26;C0035;P0008;25.0;242.55;10.0;Transferência;Faturada;6053.75
V000369;2026-07-26;C0012;P0023;8.0;124.36;20.0;Cartão;Devolvida;974.88
V000370;2026-05-25;C0002;P0046;19.0;157.31;0.0;Transferência;Cancelada;2988.89
V000371;2026-01-15;C0020;P0023;16.0;113.9;0.0;Boleto;Faturada;1822.4
V000372;2026-06-07;C0034;P0062;1.0;15.12;0.0;Boleto;Faturada;15.12
V000373;2026-08-11;C0046;P0023;30.0;128.32;0.0;PIX;Faturada;3849.6
V000374;2026-07-18;C0010;P0076;23.0;175.19;0.0;Cartão;Faturada;4029.37
V000375;2026-03-19;C0024;P0051;19.0;103.54;0.0;Boleto;Faturada;1967.26
V000376;2026-05-05;C0047;P0056;26.0;166.26;20.0;Cartão;Faturada;4302.76
V000377;2026-06-07;C0046;P0072;23.0;175.28;50.0;Cartão;Faturada;3981.44
V000378;2026-03-20;C0043;P0076;27.0;156.4;20.0;Cartão;Faturada;4202.8
V000379;2026-04-11;C0012;P0001;23.0;221.53;50.0;PIX;Faturada;5045.19
V000380;2026-06-06;C0039;P0041;30.0;232.47;0.0;PIX;Faturada;6974.1
V000381;2026-03-30;C0010;P0043;24.0;203.44;0.0;Boleto;Faturada;4882.56
V000382;2026-02-23;C0046;;15.0;201.22;0.0;PIX;Faturada;3018.3
V000383;2026-04-09;C0017;P0014;24.0;92.4;5.0;Transferência;Faturada;2212.6
V000384;2026-05-20;C0027;P0064;29.0;14.52;5.0;PIX;Faturada;416.08
V000385;2026-07-24;C0037;P0029;6.0;90.75;50.0;PIX;Faturada;494.5
V000386;2026-01-19;C0002;P0041;9.0;237.35;0.0;Boleto;Faturada;2136.15
V000387;2026-01-24;C0011;P0010;18.0;50.03;0.0;Transferência;Faturada;900.54
V000388;2026-02-10;C0028;P0022;20.0;219.98;0.0;PIX;Faturada;4399.6
V000389;2026-07-04;C0014;P0025;14.0;148.88;20.0;Cartão;Faturada;2064.32
V000390;2026-05-27;C0020;P0031;4.0;197.32;10.0;  Transferência ;Faturada;779.28
V000391;2026-03-17;C0004;P0047;1.0;190.79;50.0;Transferência;Faturada;140.79
V000392;2026-03-16;C0007;P0004;7.0;26.49;0.0;Transferência;Faturada;185.43
V000393;2026-06-19;C0020;P0051;16.0;110.13;0.0;PIX;Cancelada;1762.08
V000394;2026-04-05;C0025;P0024;12.0;35.74;0.0;Transferência;Faturada;428.88
V000395;2026-08-03;C0017;P0057;15.0;79.36;0.0;PIX;Faturada;1190.4
V000396;2026-07-26;C0049;P0013;3.0;161.09;10.0;Transferência;Devolvida;473.27
V000397;2026-07-29;C0015;P0071;2.0;147.48;10.0;Transferência;Cancelada;284.96
V000398;2026-05-02;C0044;;19.0;47.0;0.0;PIX;Faturada;893.0
V000399;2026-05-13;C0046;P0005;17.0;110.49;50.0;Boleto;Faturada;1828.33
V000400;2026-02-12;C0049;p0058;;60.08;;Boleto;Faturada;360.48
V000401;2026-04-22;C0003;P0055;3.0;179.99;0.0;Boleto;Devolvida;539.97
V000402;26/07/2026;C0017;P0041;30.0;229.68;0.0;PIX;Faturada;6890.4
V000403;2026-03-12;C0036;P0051;18.0;107.36;10.0;Transferência;Faturada;1922.48
V000404;2026-04-18;C0045;P0080;19.0;191.74;0.0;Transferência;Faturada;3643.06
V000405;2026-01-26;C0010;P0073;19.0;187.33;0.0;PIX;Faturada;3559.27
V000406;2026-04-09;C0035;P0045;29.0;158.83;20.0;Transferência;Devolvida;4586.07
V000407;2026-04-14;;P0061;2.0;42.15;0.0;Transferência;Faturada;84.3
V000408;2026-07-10;C0026;P0043;23.0;208.79;5.0;Cartão;Faturada;4797.17
V000409;2026-03-21;C0002;P0044;27.0;203.66;0.0;Transferência;Faturada;5498.82
V000410;2026-04-24;C0015;P0018;10.0;156.67;50.0;Cartão;Faturada;1516.7
V000411;2026-02-18;C0047;P0054;20.0;23.22;5.0;Boleto;Faturada;459.4
V000412;2026-04-06;C0048;P0063;25.0;135.92;;PIX;Cancelada;3348.0
V000413;2026-04-14;C0011;P0009;10.0;176.8;0.0;PIX;Faturada;1768.0
V000414;2026-01-09;C0013;P0026;27.0;104.95;5.0;PIX;Faturada;2828.65
V000415;2026-04-29;C0046;P0026;9.0;110.33;10.0;Transferência;Faturada;982.97
V000416;2026-06-02;C0044;P0004;8.0;27.36;5.0;Boleto;Faturada;
V000417;2026-08-03;C0038;P0071;12.0;136.78;0.0;PIX;Faturada;1641.36
V000418;2026-05-27;C0002;P0050;2.0;61.58;50.0;Boleto;Faturada;73.16
V000419;2026-06-16;C0042;P0029;22.0;87.31;5.0;PIX;Faturada;1915.82
V000420;2026-07-25;C0031;p0017;;106.63;0.0;Boleto;;2239.23
V000421;2026-06-14;C0039;P0040;23.0;157.03;0.0;Transferência;Faturada;3611.69
V000422;2026-03-19;C0023;P0059;9.0;171.29;20.0;Transferência;Devolvida;1521.61
V000423;2026-08-04;C0007;P0001;17.0;223.15;50.0;Cartão;Cancelada;3743.55
V000424;2026-06-25;C0042;P0077;20.0;11.73;0.0;Transferência;Faturada;234.6
V000425;2026-03-12;C0022;P0036;21.0;106.66;0.0;Cartão;Faturada;
V000426;2026-01-15;C0010;P0067;25.0;135.05;50.0;Transferência;Faturada;3326.25
V000427;2026-05-08;C0044;P0018;24.0;135.36;0.0;Cartão;Faturada;3248.64
V000428;2026-07-01;C0026;P0050;24.0;60.3;10.0;Boleto;Faturada;1437.2
V000429;2026-07-20;C0047;P0029;22.0;91.92;5.0;Cartão;Cancelada;2017.24
V000430;2026-05-23;C0020;P0022;27.0;212.57;0.0;Cartão;Faturada;5739.39
V000431;2026-07-26;C0031;P0017;24.0;108.1;10.0;Boleto;Faturada;2584.4
V000432;2026-07-10;C0042;P0012;8.0;210.89;50.0;Cartão;Faturada;1637.12
V000433;2026-04-29;C0022;P0048;9.0;110.6;50.0;PIX;Faturada;945.4
V000434;2026-01-19;C0004;P0075;19.0;79.06;5.0;Boleto;Cancelada;1497.14
V000435;2026-01-14;C0008;P0049;17.0;148.48;50.0;Boleto;Faturada;2474.16
V000436;2026-08-17;C0013;P0044;14.0;209.46;5.0;Boleto;Faturada;2927.44
V000437;2026-03-27;;P0024;25.0;31.56;20.0;Boleto;Faturada;769.0
V000438;2026-02-23;C0041;P0008;1.0;223.68;50.0;Boleto;Devolvida;173.68
V000439;2026-07-19;  C0049 ;P0021;16.0;122.31;0.0;Boleto;Devolvida;1956.96
V000440;2026-05-03;C0028;P0055;13.0;165.59;5.0;PIX;Faturada;2147.67
V000441;2026-01-04;C0035;P0026;24.0;110.41;0.0;Boleto;Faturada;2649.84
V000442;2026-02-27;C0044;P0001;21.0;214.67;20.0;Cartão;Faturada;4488.07
V000443;2026-03-20;c0009;P0014;13.0;100.14;0.0;PIX;  Faturada ;1301.82
V000444;2026-06-02;C0020;P0038;15.0;115.51;10.0;Cartão;Faturada;1722.65
V000445;06/05/2026;C0044;P0018;11.0;157.16;0.0;Boleto;Faturada;1728.76
V000446;2026-02-03;C0026;P0003;8.0;76.31;0.0;PIX;Devolvida;610.48
V000447;2026-06-16;C0033;P0022;4.0;203.28;50.0;;  Faturada ;763.12
V000448;2026-01-13;C0041;P0033;25.0;104.19;10.0;PIX;Faturada;2594.75
V000449;2026-04-17;C0042;P0003;2.0;82.01;5.0;Transferência;Faturada;159.02
V000450;2026-02-22;C0036;P0033;16.0;106.85;20.0;PIX;Faturada;1689.6
V000451;2026-06-09;C0027;P0013;22.0;157.51;10.0;Boleto;Faturada;
V000452;2026-03-14;C0007;P0066;24.0;74.46;0.0;PIX;Faturada;1787.04
V000453;2026-08-01;C0013;P0078;7.0;234.83;10.0;Boleto;;1633.81
V000454;2026-05-21;C0046;P0053;10.0;;5.0;Boleto;Faturada;1328.3
V000455;2026/01/23;C0022;P0031;1.0;196.12;0.0;Transferência;Faturada;196.12
V000456;2026-01-26;C0006;P0066;3.0;75.65;0.0;Boleto;Faturada;226.95
V000457;2026-07-28;C0019;P0034;15.0;89.68;0.0;PIX;Faturada;1345.2
V000458;2026-01-25;C0024;P0041;14.0;230.07;50.0;PIX;Faturada;3170.98
V000459;2026-04-23;C0009;P0022;11.0;202.99;10.0;Cartão;Faturada;2222.89
V000460;2026-04-13;C0024;P0044;6.0;183.28;5.0;Cartão;Faturada;1094.68
V000461;2026-08-15;C0045;P0062;26.0;15.34;50.0;Boleto;Faturada;348.84
V000462;2026-04-17;C0009;P0008;28.0;213.53;10.0;Transferência;Devolvida;5968.84
V000463;2026-07-19;C0044;P0057;6.0;83.77;0.0;PIX;Faturada;502.62
V000464;23/04/2026;C0031;P0063;4.0;143.66;0.0;PIX;Faturada;574.64
V000465;2026-06-23;C0042;P0041;1.0;228.91;10.0;Boleto;Faturada;218.91
V000466;2026-01-25;C0034;P0067;;145.01;5.0;Boleto;Faturada;3330.23
V000467;2026-05-23;C0023;P0050;5.0;68.33;10.0;PIX;Faturada;331.65
V000468;2026-08-07;C0042;P0021;17.0;123.45;5.0;Boleto;Faturada;2093.65
V000469;2026-03-13;C0049;P0063;11.0;130.17;0.0;Boleto;Cancelada;1431.87
V000470;2026-01-21;C0042;P0049;13.0;160.71;5.0;Transferência;Devolvida;2084.23
V000471;2026-03-22;C0029;P0012;28.0;215.64;0.0;Transferência;Faturada;6037.92
V000472;2026-05-21;C0007;P0052;14.0;41.74;0.0;PIX;Devolvida;
V000473;2026-02-22;C0040;P0039;29.0;224.42;20.0;Transferência;Faturada;6488.18
V000474;2026-04-27;C0024;P0007;27.0;;0.0;Transferência;Faturada;2462.94
V000475;2026-06-18;C0046;P0058;4.0;52.72;0.0;PIX;Faturada;210.88
V000476;2026-06-29;C0023;P0038;18.0;111.98;0.0;PIX;Faturada;2015.64
V000477;2026-07-04;C0032;P0018;27.0;150.89;5.0;PIX;Faturada;4069.03
V000478;2026-08-07;C0040;P0026;7.0;106.04;5.0;Boleto;Faturada;737.28
V000479;2026-01-12;C0013;P0044;4.0;202.56;20.0;PIX;Faturada;790.24
V000480;2026-05-08;C0030;P0076;17.0;155.37;0.0;PIX;Cancelada;2641.29
V000481;2026-07-19;C0028;P0075;16.0;78.83;0.0;Boleto;Faturada;1261.28
V000482;2026-08-14;C0007;P0050;;65.95;0.0;Transferência;Faturada;1450.9
V000483;2026-03-29;c0039;P0032;9.0;82.89;0.0;Transferência;Faturada;746.01
V000484;2026-07-11;  C0009 ;P0053;20.0;145.01;10.0;Cartão;Cancelada;2890.2
V000485;2026-02-23;C0021;P0071;21.0;134.04;10.0;Cartão;Faturada;2804.84
V000486;2026-02-15;C0044;P0017;23.0;114.86;10.0;Cartão;Faturada;2631.78
V000487;2026-05-27;C0049;P0046;18.0;155.32;20.0;Transferência;Cancelada;2775.76
V000488;2026-01-28;C0019;P0055;26.0;154.87;0.0;Transferência;Faturada;4026.62
V000489;2026-07-21;C0004;P0008;7.0;217.26;0.0;Cartão;Faturada;1520.82
V000490;2026-02-22;C0010;P0008;23.0;235.2;50.0;PIX;Faturada;5359.6
V000491;2026-07-09;C0029;P0014;20.0;105.75;10.0;Boleto;Cancelada;2105.0
V000492;2026-07-24;C0025;P0031;17.0;221.29;20.0;Cartão;Faturada;3741.93
V000493;2026-06-25;C0025;P0050;14.0;69.51;0.0;PIX;Faturada;973.14
V000494;2026-07-19;C0048;P0033;7.0;105.55;50.0;Transferência;  Faturada ;688.85
V000495;2026-07-09;C0041;P0048;25.0;110.65;10.0;Boleto;Faturada;2756.25
V000496;2026-01-20;C0019;P0058;6.0;60.38;0.0;Boleto;Cancelada;362.28
V000497;2026-05-23;C0008;P0049;2.0;151.55;0.0;Boleto;Faturada;303.1
V000498;2026-07-01;C0038;P0033;1.0;100.93;0.0;PIX;Faturada;100.93
V000499;2026-06-10;C0021;P0077;2.0;12.65;;Cartão;Faturada;15.3
V000500;2026-07-01;C0037;  P0071 ;12.0;130.93;0.0;Boleto;Faturada;1571.16
V000501;2026-04-17;C0034;p0009;26.0;171.41;10.0;Transferência;Faturada;4446.66
V000502;2026-03-26;C0023;P0029;29.0;87.4;0.0;Cartão;Faturada;2534.6
V000503;2026-05-24;C0014;P0080;17.0;190.34;50.0;PIX;Faturada;3185.78
V000504;2026-06-14;C0043;P0045;15.0;154.61;10.0;Boleto;Faturada;2309.15
V000505;2026-01-30;C0044;P0042;13.0;240.06;5.0;Cartão;Cancelada;3115.78
V000506;2026-07-30;C0047;P0037;1.0;83.41;50.0;Cartão;Cancelada;33.41
V000507;2026-08-18;C0033;P0058;16.0;52.26;20.0;Boleto;Faturada;816.16
V000508;2026-07-17;C0033;P0011;4.0;120.83;10.0;PIX;Faturada;473.32
V000509;2026-08-02;C0014;P0028;28.0;58.73;0.0;Boleto;Cancelada;1644.44
V000510;2026-01-19;C0045;P0056;21.0;170.71;20.0;Boleto;Faturada;3564.91
V000511;2026-01-14;C0030;P0043;2.0;203.76;0.0;Cartão;Cancelada;407.52
V000512;2026-03-08;C0005;P0074;;35.79;5.0;Transferência;Faturada;961.33
V000513;2026-04-10;C0041;P0052;14.0;43.68;20.0;PIX;Cancelada;591.52
V000514;2026-05-30;C0001;P0080;3.0;198.6;0.0;PIX;Faturada;595.8
V000515;2026-03-19;C0033;P0014;10.0;104.5;10.0;  PIX ;Faturada;1035.0
V000516;2026-06-19;C0049;P0057;13.0;81.03;0.0;Transferência;Faturada;1053.39
V000517;2026-07-23;C0035;P0029;5.0;94.91;50.0;;Faturada;424.55
V000518;2026-05-23;C0020;P0048;1.0;110.06;0.0;PIX;Faturada;110.06
V000519;2026-05-21;C0001;P0074;20.0;36.74;0.0;cartão;Faturada;734.8
V000520;2026-06-15;C0048;P0045;7.0;158.88;50.0;Boleto;Faturada;1062.16
V000521;2026-02-19;C0012;P0029;20.0;96.14;0.0;Boleto;Devolvida;1922.8
V000522;2026-01-19;C0004;P0071;15.0;143.26;0.0;;Faturada;2148.9
V000523;2026-03-26;C0007;P0026;;114.01;0.0;Boleto;;2736.24
V000524;2026-02-19;C0007;P0037;20.0;73.26;0.0;Transferência;Faturada;1465.2
V000525;2026-05-30;C0022;P0079;22.0;108.31;0.0;Cartão;Faturada;2382.82
V000526;2026-07-21;C0028;P0022;1.0;201.57;0.0;Transferência;Faturada;201.57
V000527;2026-08-13;C0024;P0018;22.0;151.25;5.0;Transferência;Faturada;3322.5
V000528;2026-02-14;C0023;P0040;16.0;147.67;20.0;PIX;Faturada;2342.72
V000529;2026-08-15;C0009;P0069;7.0;24.92;20.0;PIX;Faturada;154.44
V000530;2026-05-29;C0002;P0065;21.0;126.43;10.0;Transferência;Devolvida;2645.03
V000531;2026-08-17;C0014;P0005;18.0;105.26;10.0;Transferência;Faturada;1884.68
V000532;2026-05-31;C0024;P0051;8.0;116.95;20.0;Cartão;Faturada;
V000533;2026-04-04;C0030;P0065;17.0;127.67;10.0;PIX;Faturada;2160.39
V000534;2026-04-25;C0040;P0022;25.0;207.99;0.0;Boleto;Devolvida;
V000535;2026-04-02;C0037;;24.0;38.29;0.0;Boleto;Faturada;918.96
V000536;2026-01-11;C0015;P0009;9.0;167.84;20.0;Boleto;Cancelada;1490.56
V000537;2026-08-14;;P0050;16.0;69.12;0.0;PIX;Faturada;1105.92
V000538;2026-08-02;C0007;P0067;21.0;147.81;20.0;Cartão;Devolvida;3084.01
V000539;2026-04-07;C0035;P0073;6.0;181.47;0.0;PIX;Cancelada;1088.82
V000540;2026-04-14;C0017;P0049;30.0;146.7;0.0;Cartão;Faturada;4401.0
V000541;2026-02-05;C0031;P0078;1.0;225.26;5.0;Boleto;Faturada;220.26
V000542;2026-02-08;C0005;P0066;21.0;70.67;0.0;Boleto;Faturada;1484.07
V000543;2026-07-27;C0039;P0016;22.0;147.82;0.0;PIX;Faturada;3252.04
V000544;2026-02-11;C0044;P0062;16.0;14.83;20.0;Transferência;Faturada;217.28
V000545;2026-02-11;C0016;P0006;5.0;96.08;0.0;PIX;Devolvida;480.4
V000546;2026-02-16;C0010;P0008;6.0;216.96;10.0;Transferência;Devolvida;1291.76
V000547;2026-06-19;C0037;P0003;29.0;;50.0;Cartão;Faturada;2339.02
V000548;2026-08-11;C0014;P0058;20.0;60.46;5.0;Boleto;Faturada;1204.2
V000549;2026-07-30;C0027;P0077;5.0;12.69;50.0;Boleto;Devolvida;13.45
V000550;2026-06-25;C0043;P0066;9.0;69.4;0.0;Transferência;Devolvida;624.6
V000551;2026-02-03;C0038;P0009;8.0;168.07;0.0;PIX;Faturada;1344.56
V000552;2026-02-08;C0034;P0065;22.0;134.57;10.0;PIX;Faturada;
V000553;2026-07-20;C0031;P0079;20.0;103.73;10.0;PIX;Faturada;2064.6
V000554;2026-07-31;C0031;;29.0;114.06;0.0;Transferência;Cancelada;3307.74
V000555;2026-05-16;C0027;P0048;28.0;101.49;5.0;Boleto;Faturada;2836.72
V000556;2026-07-09;C0050;P0049;12.0;155.33;50.0;PIX;Faturada;1813.96
V000557;2026-08-08;C0009;P0033;16.0;107.87;0.0;Cartão;Devolvida;1725.92
V000558;2026-07-01;C0035;P0053;9.0;133.95;20.0;PIX;Devolvida;1185.55
V000559;2026-06-17;C0034;P0016;17.0;142.52;0.0;Cartão;Faturada;2422.84
V000560;2026-05-30;C0024;P0014;5.0;98.95;0.0;Cartão;Cancelada;494.75
V000561;2026-06-24;C0028;P0073;12.0;188.16;5.0;Boleto;Faturada;2252.92
V000562;2026-05-24;C0036;P0072;16.0;157.2;10.0;Transferência;Faturada;2505.2
V000563;2026-04-12;C0020;P0074;12.0;38.93;20.0;Boleto;Faturada;447.16
V000564;2026-02-11;C0048;P0030;15.0;133.9;0.0;Boleto;Cancelada;2008.5
V000565;2026-06-28;C0026;P0044;26.0;196.37;20.0;PIX;Faturada;5085.62
V000566;2026-02-07;C0025;P0001;26.0;194.19;5.0;Transferência;Faturada;5043.94
V000567;2026-06-05;C0005;P0034;8.0;94.43;0.0;Transferência;Faturada;755.44
V000568;2026-06-02;C0040;P0067;10.0;145.25;0.0;Boleto;Faturada;1452.5
V000569;2026-07-25;C0029;P0002;;240.82;10.0;Cartão;Faturada;1675.74
V000570;2026-03-01;C0003;P0077;;12.17;10.0;Boleto;Faturada;196.89
V000571;2026-02-10;  C0024 ;P0031;21.0;195.71;0.0;Cartão;Faturada;4109.91
V000572;2026-05-13;C0023;P0051;13.0;111.77;0.0;PIX;Faturada;1453.01
V000573;2026-05-30;C0036;P0037;24.0;82.43;0.0;Cartão;Faturada;1978.32
V000574;2026-04-14;C0015;P0078;7.0;223.63;10.0;PIX;Faturada;1555.41
V000575;2026-01-19;C0012;P0053;17.0;132.17;10.0;Cartão;Faturada;2236.89
V000576;2026-07-28;C0008;P0066;9.0;77.37;50.0;Cartão;Faturada;646.33
V000577;2026-07-13;C0025;P0073;16.0;192.66;0.0;Transferência;Faturada;3082.56
V000578;2026-01-18;C0038;P0004;16.0;26.26;5.0;Boleto;Faturada;415.16
V000579;2026-01-03;C0021;;12.0;141.04;20.0;Cartão;Faturada;1672.48
V000580;2026-07-30;C0019;P0012;13.0;221.45;0.0;PIX;Cancelada;2878.85
V000581;17-08-2026;C0012;P0061;11.0;43.39;10.0;Cartão;Faturada;467.29
V000582;2026-03-02;C0048;  P0025 ;16.0;149.77;20.0;;Faturada;2376.32
V000583;2026-08-03;C0014;P0030;7.0;134.92;10.0;Cartão;Faturada;934.44
V000584;2026-06-23;C0050;P0014;4.0;106.55;20.0;Transferência;Devolvida;406.2
V000585;2026-04-06;c0001;P0070;2.0;61.48;10.0;Cartão;Faturada;112.96
V000586;2026-07-15;C0037;P0036;16.0;104.26;10.0;Cartão;Faturada;1658.16
V000587;2026-07-24;C0015;P0074;5.0;34.79;5.0;Transferência;Cancelada;168.95
V000588;2026-06-25;C0003;P0065;12.0;134.03;50.0;Boleto;Faturada;1558.36
V000589;2026-01-03;C0008;P0067;15.0;136.68;0.0;Boleto;Faturada;2050.2
V000590;2026-08-09;C0038;P0013;11.0;153.68;0.0;Boleto;Cancelada;1690.48
V000591;2026-06-06;C0017;P0031;9.0;211.08;0.0;Cartão;Faturada;1899.72
V000592;2026-07-12;C0032;P0055;7.0;165.33;0.0;Cartão;Faturada;1157.31
V000593;2026-05-28;C0018;P0058;6.0;56.82;20.0;Boleto;Faturada;320.92
V000594;2026-04-21;C0047;P0035;26.0;203.85;50.0;Transferência;Faturada;5250.1
V000595;2026-02-15;C0010;P0020;16.0;20.68;5.0;Transferência;Faturada;325.88
V000596;2026-07-21;C0041;P0067;18.0;145.45;;Cartão;Faturada;2613.1
V000597;2026-06-26;C0036;P0073;2.0;182.09;0.0;PIX;Faturada;364.18
V000598;2026-04-26;C0017;P0061;27.0;45.28;;Cartão;Faturada;1202.56
V000599;2026-07-27;C0024;P0047;18.0;194.65;0.0;Cartão;Faturada;3503.7
V000600;05/06/2026;C0027;P0016;12.0;162.93;0.0;Boleto;Faturada;1955.16
V000601;2026-07-18;C0023;P0042;22.0;225.99;20.0;Transferência;Faturada;4951.78
V000602;2026-02-07;C0025;P0079;10.0;111.02;50.0;Boleto;Faturada;1060.2
V000603;2026-01-19;C0027;P0079;19.0;110.01;0.0;Boleto;Faturada;2090.19
V000604;2026-07-01;C0015;P0041;11.0;227.15;0.0;Transferência;Faturada;2498.65
V000605;2026-04-26;C0029;;24.0;195.52;5.0;Boleto;Faturada;4687.48
V000606;2026-03-06;C0002;P0017;24.0;107.69;20.0;PIX;Faturada;2564.56
V000607;2026-08-13;C0011;P0051;4.0;103.45;5.0;PIX;faturada;408.8
V000608;2026-01-22;C0050;P0051;17.0;114.81;0.0;Cartão;Devolvida;1951.77
V000609;2026-04-10;C0010;P0011;21.0;135.8;0.0;boleto;Faturada;2851.8
V000610;2026-02-03;C0048;P0037;15.0;79.97;10.0;Boleto;Faturada;1189.55
V000611;2026-08-10;C0003;P0046;28.0;165.74;5.0;Transferência;Cancelada;4635.72
V000612;2026-06-28;C0018;P0071;15.0;132.27;10.0;Boleto;Devolvida;1974.05
V000613;2026-08-13;C0039;P0059;21.0;185.91;10.0;Transferência;Cancelada;3894.11
V000614;2026-05-04;C0041;P0069;10.0;27.48;10.0;Boleto;Faturada;264.8
V000615;2026-02-09;C0029;P0040;12.0;144.52;0.0;PIX;Faturada;1734.24
V000616;2026-05-17;C0034;P0018;12.0;141.23;0.0;Transferência;Faturada;1694.76
V000617;2026-03-16;  C0020 ;P0002;25.0;226.06;10.0;Boleto;Faturada;5641.5
V000618;2026-05-24;C0036;P0048;7.0;107.68;5.0;Transferência;Faturada;748.76
V000619;2026-03-09;C0011;P0050;27.0;63.73;0.0;Transferência;Faturada;1720.71
V000620;2026-03-11;C0034;P0079;26.0;114.98;0.0;Cartão;Faturada;2989.48
V000621;2026-01-29;C0013;P0009;6.0;161.7;20.0;Transferência;Devolvida;950.2
V000622;2026-02-18;C0029;P0035;23.0;216.5;0.0;PIX;;4979.5
V000623;2026-01-27;C0004;P0069;1.0;24.61;0.0;Cartão;Faturada;24.61
V000624;2026-01-24;C0046;P0057;24.0;76.13;0.0;PIX;Faturada;1827.12
V000625;2026-07-24;C0014;P0044;14.0;189.21;5.0;Cartão;Faturada;2643.94
V000626;2026-07-12;C0045;P0005;11.0;102.23;0.0;PIX;Faturada;1124.53
V000627;2026-02-16;C0050;P0051;3.0;111.04;0.0;Cartão;Faturada;333.12
V000628;2026-04-09;C0001;P0016;25.0;159.31;50.0;Transferência;Faturada;3932.75
V000629;2026-07-17;C0048;P0005;7.0;108.63;0.0;Boleto;Faturada;760.41
V000630;2026-06-11;C0025;P0040;30.0;142.52;20.0;PIX;Cancelada;4255.6
V000631;2026-03-18;C0034;P0016;9.0;153.77;0.0;Cartão;Faturada;1383.93
V000632;2026-04-22;C0043;P0028;4.0;54.79;0.0;PIX;Faturada;219.16
V000633;2026-03-04;C0018;P0075;4.0;72.82;0.0;PIX;Devolvida;291.28
V000634;2026-04-06;C0045;P0061;23.0;45.05;50.0;;Faturada;986.15
V000635;2026-03-28;C0011;P0064;3.0;15.22;50.0;PIX;Faturada;-4.34
V000636;2026-01-28;C0023;P0020;23.0;19.86;0.0;Transferência;Faturada;456.78
V000637;2026-03-30;C0021;P0072;26.0;169.05;50.0;Transferência;Faturada;4345.3
V000638;2026-03-06;C0002;P0049;12.0;158.52;0.0;Transferência;Faturada;1902.24
V000639;2026-02-18;C0036;P0038;18.0;114.98;10.0;Boleto;Cancelada;2059.64
V000640;2026-08-11;C0023;P0042;;224.53;50.0;Boleto;Faturada;5338.72
V000641;2026-03-09;C0034;P0020;15.0;19.13;10.0;Cartão;Faturada;276.95
V000642;2026-08-15;C0001;P0065;13.0;141.15;0.0;Cartão;Devolvida;1834.95
V000643;2026-05-18;C0016;P0042;24.0;210.47;50.0;Transferência;Faturada;5001.28
V000644;2026-06-06;C0034;P0064;25.0;14.92;0.0;Cartão;Faturada;373.0
V000645;2026-06-18;C0042;P0042;4.0;211.61;0.0;PIX;Faturada;846.44
V000646;2026-02-19;C0012;P0005;7.0;102.68;0.0;PIX;Devolvida;718.76
V000647;2026-06-09;C0042;P0050;22.0;64.84;20.0;Cartão;Faturada;1406.48
V000648;2026-01-04;C0024;P0029;20.0;94.5;0.0;Transferência;Faturada;1890.0
V000649;2026-08-16;C0030;P0008;12.0;227.35;5.0;Cartão;Faturada;2723.2
V000650;2026-01-19;C0040;P0035;17.0;197.47;50.0;Cartão;Faturada;3306.99
V000651;2026-03-01;C0014;P0067;4.0;132.04;10.0;Transferência;Faturada;518.16
V000652;2026-06-10;C0013;P0068;22.0;68.86;0.0;Transferência;Faturada;1514.92
V000653;2026-06-29;C0050;P0074;12.0;38.35;20.0;Transferência;Faturada;
V000654;2026-03-28;C0011;P0024;18.0;33.22;20.0;Boleto;Cancelada;577.96
V000655;2026-03-22;C0039;P0057;30.0;80.49;10.0;Cartão;Faturada;2404.7
V000656;2026-06-05;C0027;P0056;27.0;168.43;0.0;Boleto;Faturada;4547.61
V000657;2026-04-03;C0050;P0071;30.0;145.41;5.0;Transferência;Faturada;4357.3
V000658;2026-05-13;C0001;P0005;10.0;110.9;0.0;Cartão;Faturada;1109.0
V000659;2026-01-06;C0020;P0029;7.0;96.44;50.0;Cartão;Cancelada;625.08
V000660;2026-02-09;C0033;P0072;19.0;176.21;0.0;PIX;Faturada;3347.99
V000661;2026-08-16;C0023;P0020;5.0;19.04;10.0;Boleto;Faturada;85.2
V000662;2026-05-26;C0017;P0039;3.0;226.56;0.0;PIX;Faturada;679.68
V000663;2026-06-26;C0031;P0023;16.0;128.76;20.0;PIX;Devolvida;2040.16
V000664;2026-05-28;C0042;P0039;2.0;232.09;5.0;pix;Faturada;459.18
V000665;2026-04-22;  C0050 ;P0043;12.0;230.28;5.0;PIX;Faturada;2758.36
V000666;2026-07-19;C0048;P0078;30.0;208.27;20.0;Transferência;Faturada;6228.1
V000667;2026-05-25;C0020;P0068;2.0;69.64;0.0;Cartão;Cancelada;139.28
V000668;2026-07-07;C0045;P0029;;85.11;5.0;  Transferência ;Devolvida;420.55
V000669;2026-03-16;C0037;P0065;3.0;130.43;50.0;Transferência;Faturada;341.29
V000670;2026-07-10;C0009;P0044;3.0;194.13;0.0;Transferência;Faturada;582.39
V000671;2026-06-28;C0006;P0052;17.0;44.49;0.0;Boleto;Faturada;756.33
V000672;2026-05-27;C0036;P0026;16.0;110.8;0.0;Boleto;Faturada;1772.8
V000673;2026-06-25;C0005;P0035;25.0;210.21;;PIX;Faturada;5245.25
V000674;2026-02-18;C0043;P0053;14.0;137.77;0.0;Cartão;Devolvida;1928.78
V000675;2026-03-31;C0042;P0004;25.0;27.07;10.0;Transferência;Devolvida;666.75
V000676;2026-03-01;C0010;P0057;2.0;87.73;0.0;Cartão;Faturada;175.46
V000677;2026-03-04;C0049;P0011;4.0;132.04;;Boleto;Faturada;518.16
V000678;2026-03-20;c0001;P0044;23.0;203.98;5.0;Transferência;;4686.54
V000679;2026-02-22;C0022;P0027;24.0;115.58;10.0;Cartão;Cancelada;2763.92
V000680;2026-06-27;C0031;P0080;24.0;205.55;20.0;PIX;Faturada;4913.2
V000681;2026-01-16;C0038;P0068;2.0;68.94;;Boleto;Devolvida;137.88
V000682;2026-01-03;C0018;P0007;15.0;97.55;0.0;;Faturada;1463.25
V000683;2026-03-16;C0043;P0047;28.0;181.3;50.0;Transferência;Faturada;5026.4
V000684;2026-03-22;C0025;P0066;23.0;;5.0;PIX;Faturada;1573.49
V000685;2026-07-02;C0013;P0065;15.0;137.53;0.0;PIX;Faturada;2062.95
V000686;2026-07-10;C0034;;11.0;146.28;0.0;pix;Faturada;1609.08
V000687;2026-03-02;C0044;P0046;12.0;158.79;10.0;Cartão;Faturada;1895.48
V000688;2026-07-28;C0041;P0033;29.0;101.83;0.0;Cartão;Faturada;2953.07
V000689;2026-02-05;C0010;P0044;29.0;191.64;;Transferência;Cancelada;5557.56
V000690;2026-02-28;C0044;P0079;28.0;113.8;5.0;Boleto;Devolvida;3181.4
V000691;2026-03-26;C0010;P0055;10.0;177.97;5.0;Boleto;Faturada;1774.7
V000692;2026-07-24;C0042;P0018;19.0;146.94;0.0;Boleto;Faturada;2791.86
V000693;2026-07-17;C0045;P0068;30.0;67.61;0.0;Boleto;Faturada;2028.3
V000694;2026-01-31;C0005;P0072;18.0;176.78;0.0;;Faturada;3182.04
V000695;2026-04-16;C0047;P0004;25.0;27.13;5.0;Cartão;Faturada;673.25
V000696;2026-01-28;C0048;P0036;5.0;114.32;0.0;Boleto;Faturada;571.6
V000697;2026-05-26;C0049;P0079;20.0;107.64;10.0;Boleto;Devolvida;2142.8
V000698;2026-01-21;C0015;P0030;;118.95;20.0;Transferência;Faturada;2596.9
V000699;2026-04-06;C0033;P0078;16.0;232.54;0.0;Transferência;Faturada;3720.64
V000700;2026-01-09;;P0018;6.0;139.13;5.0;PIX;Faturada;829.78
V000596;2026-07-21;C0041;P0067;18.0;145.45;;Cartão;Faturada;2613.1
V000116;2026-06-10;C0005;P0045;8.0;166.81;0.0;Cartão;Faturada;1334.48
V000425;2026-03-12;C0022;P0036;21.0;106.66;0.0;Cartão;Faturada;
V000139;2026-02-02;C0027;P0053;27.0;142.3;0.0;PIX;Faturada;3842.1
V000237;2026-04-14;C0018;P0051;3.0;108.16;5.0;Boleto;Faturada;319.48
V000058;2026-06-25;C0043;P0033;12.0;110.86;5.0;PIX;Faturada;1325.32
V000236;2026-06-08;C0007;P0068;5.0;68.78;10.0;Cartão;Faturada;333.9
V000384;2026-05-20;C0027;P0064;29.0;14.52;5.0;PIX;Faturada;416.08
V000286;2026-03-22;;P0063;10.0;128.07;50.0;Transferência;Devolvida;1230.7
V000554;2026-07-31;C0031;;29.0;114.06;0.0;Transferência;Cancelada;3307.74
